영화코드,영화제목,출연배우
20081672,과속스캔들, .차태현.박보영.왕석현.임지규.황우슬혜.정원중.김기방.김혜진.노수정.류수경.김준호.문수진.김태형.김웅.이희상.임진순.김민채.김수완.박용준.정준영.정진희.정하린.김진.김준영.이준혁.성지루.김한국.고준.고준.박영서.박준하
20072152,"좋은 놈, 나쁜 놈, 이상한 놈", .송강호.이병헌.정우성.오달수.엄지원.김광일.손병호.이청아.김선영.성정훈.송승현.신상우.조화성.박광복.송영창.윤영우.정성우.이한솔.양명헌.박진우.조덕제.최진호.진선규.정세형.윤제문.류승수.홍기준.오연아.류제승.이정민.양도현.오일용
20080046,추격자, .김윤석.하정우.서영희.박효주.김유정.최정우.정인기.최지윤.김은성.최홍석.박지안.박진성.노현정.이민복.최문수.유원선.구태진.전진배.유지연.이철오.이인철.박진우.송요셉.조세영.조덕제.하성광.이장유.오연아.손희순.김영선
20080736,강철중: 공공의 적 1-1, .설경구.정재영.강신일.유해진.탁트인.이상현.김윤성.이재원.조한영.박창용.박태훈.김건호.김재득.임장현.이민호.김태한.정원중.김영옥.김영필.이한솔.리우진.박혁민.차영남.박영서
20070382,우리 생애 최고의 순간, .문소리.김정은.엄태웅.김지영.조은지.이미도.조영진.이봉규.정석용.하정우.정세형.김종언.김효선.김혜진.김미나.박현진.배태종.백배정.강선희.강성규.강재원.서승현.김경화.이상미.임길섭.김미소.이설화.손은선.오아름.이수정.정인화.김정심.최은영.이대진.양동명.조덕제.박원상.류승수.성지루.최욱.남궁은숙.차민지.박준혁.오창경
,, 
,, 
20081611,미인도, .김민선.김영호.김남길.추자현.한명구.이성훈.강민호.박예슬.박용.김형수.신주희.황선환.권정훈.보리.채송화.이상용.윤석주.이석.라미란.김규리.주영호.전국환.오만석.권병길.신유주.김기태.김승훈.김영웅.박지일
20080968,눈에는 눈 이에는 이, .한석규.차승원.송영창.김윤태.이병준.김혜정.박영찬.홍의정.최지혜.임성규.박정률.조은성.이건문.서정주.박병렬.정윤.정은주.김철준.오권열.김종만.김영한.김해숙.임현성.김지석.신유람.손병욱
20081395,아내가 결혼했다, .손예진.김주혁.주상욱.이주실.천성훈.오정세.김병춘.정세형.오연아.손희순
,, 
,, 
20081058,고死 : 피의 중간고사, .이범수.남규리.김범.박우람.조기원.김형진.권현상.진성.백하나.이효연.윤정희.양지원.이도현.유신애.함은정.이얼.최배영.공정환.손여은
20080011,원스어폰어타임, .박용우.이보영.김수현.성동일.김응수.이상찬.안길강.조희봉.서민균.심호성.강규영.강동원.신성식.김은혜.박현주.김대규.박광민.최명식.유동훈.김인철.장인호.김송미.임원창.정세진.여운철.최욱.김명수.김도영
,, 
20090074,해운대, .설경구.하지원.박중훈.엄정화.이민기.강대규.김원영.김유빈.신정원.성유경.박재홍.황인준.나승현.김인호.근휘.김재경.장원준.임동우.김정곤.정종원.이지애.이태영.최재섭.장명갑.지대한.천보근.박영수.염동헌.주민하.강예원.손희순.변상윤
20090307,국가대표, .하정우.성동일.김지석.김동욱.최재환.이재응.이은성.이한위.이혜숙.김지영.쥬니.황하나.조재윤.심영.천주영.도승휘.전성빈.오광록.김수로.조진웅.김용건.김성주.이금희.박정수.손범수.이세랑.정민성.정종열
20090077,전우치, .강동원.임수정.김윤석.유해진.염정아.김시권.주진모.김효진.강동균.정혜란.손선영.송진영.김혜지.신수현.박용범.박민규.조운.박지희.안성진.노남석.한연호.김고은.김규연.고준영.박남희.윤대원.이석원.이성두.정영훈.정우철.박연수.오준석.정지인.이우희.이대로.이철희.송영창.이미도.김서현.최진호.조상건.장준녕.최우리.김상호.이용녀.선우선.공정환.박성훈.박수영.권태원.정인기.김기범.최교식.김기천.조운.김현식
,, 
,, 
,, 
20090605,굿모닝 프레지던트, .한동학.장동건.이순재.고두심.이재용.한채영.허정규.송기관.송영규.박일.최지나.김현동.서정민.김광현.유승희.윤동현.전유진.이은영.김재호.최은영.김용숙.박희건.임하룡.조덕현.장영남.이철민.김원해.이한위.이해영.전국환.김인우.이은채
20090329,내 사랑 내 곁에, .하지원.김명민.남능미.임하룡.최종률.신신애.임종윤.임형준.임성민.가인.장원영.김여진.김광규.정의철.김혜림.임훈.유지연.유승목.신치영.김영필.강신일.송영창.설경구.박현영.김기천.전수지
20081003,박쥐, .송강호.구용완.김옥빈.신하균.김해숙.송영창.오달수.박인환.라미란.손종학.서동수.황우슬혜.조덕제.최희진.최종률.이화룡
,, 
20090156,그림자 살인, .송요셉.황정민.류덕환.오달수.엄지원.홍서백.홍의정.홍의정.김동길.김경숙.우승연.최광락.정상수.김춘식.최유리.이신우.이경태.김요섭.이정홍.박진우.오태경.유승목.서동수.조영진.엄효섭.최종률.윤제문.고준.이세랑.김향기.권태원.김응수.김기천.신유람.김서원.손병욱
20090051,차우, .엄태웅.정유미.윤제문.권영국.김기천.박혁권.강구현.신미소.조민기.홍세인.정윤민.김윤호.유성철.권귀덕.김종호.장항선.최원영.하성광.이장유.박혜진.권범택
,, 
,, 
20090023,작전, .박용하.박희순.김민정.김무열.김준성.신지희.김현미.박재웅.김길동.권형준.이승기.이시연.이하림.조덕현.조재윤.신현종.전국환.유승목.이은지.김승훈.정민성.정종열.최교식.신유람
20100214,아저씨, .원빈.김새론.김희원.김성오.배영한.김호연.류성훈.김효민.김효서.신동민.홍석준.조영아.홍의정.이재원.조용현.박준우.최현아.황재순.박혜리.박호진.홍소희.노승우.임효우.이건문.백현익.서정주.김도형.민소연.이상하.박병렬.장민주.장준호.박성택.오정식.정도원.김창민.양종현.서민경.김지민.남경읍.송영창.이종필.조재윤.장준녕.김영아.김태훈.정민성.한사명.이정민.박성택
,, 
,, 
20100296,포화속으로, .차승원.권상우.최승현.김승우.김혜성.신현탁.문재원.김득겸.신경선.추종범.홍성진.신성현.김윤성.장문석.김한준.황승현.김동윤.김동범.서승택.김경주.김대연.김규호.채호병.김태환.유승현.유영준.최민석.유한솔.윤승훈.장현근.이성문.정경일.윤진태.이세진.정재훈.정준혁.김정섭.김수형.김승환.이경현.이현종.고은총.이동훈.박진희.데이비드 .남태부.강필선.진용욱.김호원.황유현.염혜란.백인권.위지웅
,, 
,, 
20100213,부당거래, .황정민.김승훈.류승범.유해진.천호진.마동석.김원범.최정현.황병국.조준현.조철현.박형준.한동욱.한상욱.한성희.류수경.한재덕.강유미.서지영.박광호.박미숙.박민정.박민정.박민정.전봉수.전진영.박세준.임정언.권성현.최우성.온세웅.연영식.오상진.김종민.이춘연.이유빈.백승익.오승현.이채은.이미도.이희준.오정세.안길강.김수현.조영진.정만식.차은재.이화룡.김규남.김기천.곽자형.곽진석.김서원
20101223,헬로우 고스트, .차태현.강예원.이문수.고창석.장영남.천보근.신성일.이창수.라미란.이한위.조덕제.박길수.안길강.정혜원.하성광.이장유.이동진
20100834,시라노; 연애조작단, .엄태웅.이민정.최다니엘.박신혜.박철민.전아민.송새벽.류현경.박은성.조재형.송다은.한대룡.서대현.김대인.김상렬.이병규.유일한.이미도.이미소.김지영.이대연.권해효.원현준.김유경
20100188,하녀, .전도연.이정재.윤여정.서우.박지영.안서현.황정민.문소리.신재민.박지선.박지선.김지선.전신환
20101209,라스트 갓파더, .심형래.마이클 리.하비 케이.제이슨 미.조셀린 도.안소희.우혜림
20101222,황해, .김윤석.하정우.조성하.이철민.박윤호.김기석.박재홍.안서현.박창수.노남석.김기환.백승철.진명.김봉주.고해성.장윤영.권귀덕.강민규.임만규.정명식.임재민.김재화.김윤정.박병은.조재윤.이엘.이영수.장소연.이희준.송원종.정대용.황석정.유하복.최욱.손강국.정만식.공정환.이유미.염동헌.정민성.백현주.정혜원.이재우.승의열.한이진.천명재.방혜영
20101221,쩨쩨한 로맨스, .이선균.최강희.류현경.오정세.석정현.조성환.송유하.최현숙.추연규.류지혜.정구영.박성일.이원종.최희진.신동환.조은지.정민성
20101010,초능력자, .김한나.강동원.고수.정은채.윤다경.최덕문.김수남.허명행.강민서.홍대성.홍대성.최장훈.김윤하.김한수.황상길.문용찬.이미경.채성원.유동헌.전상하.윤정빈.박아람.오정택.최윤석.김대현.김지원.이형훈.조덕제.류아벨.변희봉.김광규.김인권.김소진.이세랑.김영아.김기범.김서원.조영규.이수광
20100301,악마를 보았다, .구용완.이병헌.최민식.조승민.신정훈.이준혁.김시운.남보라.최문숙.박미선.장정원.윤채영.정지윤.이현용.최무성.천호진.한송이.오산하.조덕제.최진호.전국환.김강일.김봉수.설창희
20110302,최종병기 활, .박해일.류승룡.김무열.문채원.이한위.김구택.이경영.박기웅.이승준.이재구.박노식.이다윗.전민서.오타니 료.강규영.김홍수.김길동.최선미.조우진.이미소.최태환.박진주.한성민.김남수.강은규.김기덕.이상도.장재욱.임미주.박상희.최유라.이유비.이항주.이동훈.문영동.박명신.강신철.강신하
20110193,써니, .유호정.심은경.강소라.고수희.홍진희.강지원.김민영.김선경.진희경.김보미.이연경.박진주.남보라.민효린.윤미라.조민수.박윤정.신윤정.박영서.김예원.천우희.박중훈.최형태.심소희.최혜선.전선희.박혜성.진승환.김보름.김도엽.고은별.이상은.윤수진.최선아.박보영.윤정.임은채.최아름.류혜린.최영호.정은지.이승훈.이다슬.한승현.김새벽.성지루.정원중.정석용.김원해.최명길.이상아.김영옥.김보연.선주아.김시후.김혜옥.고준.박순천.권은수.양주호.박혁민
,, 
20102414,조선명탐정 : 각시투구꽃의 비밀, .김명민.김호연.한지민.오달수.김영훈.백성기.지승현.류현상.김경화.김탁호.김윤섭.최무성.남성진.우현.이재용.예수정.원현준.김태훈.정인기
20112534,도가니, .정유미.공유.허재호.송은정.임현성.최진호.박진우.이금용.배정민.김봉화.최보람.박사현.전영미.박선희.최영수.이순남.박승원.오하나.이예나.이차주.김현수.장소연.장광.전국환.엄효섭.남명렬.이장유.박혜진.김민상
20110290,퀵, .이새별.고창석.강예원.이민기.김인권.김원영.홍승록.박은영.조용진.김은옥.이건우.안상훈.배승리.권영빈.주승환.주영민.변상윤.김가을.김결.서태원.박다솜.이지호.최민서.윤소연.윤승현.임혜원.박상현.윤지민.최연주.정수인.김병철.이해인.김재화.이희준.오정세.전국환.유승목.윤제문.김소진.조경현.박지연.한사명
,, 
20113381,오싹한 연애, .손예진.이민기.신동훈.김혜숙.조아라.박재우.태리.최우진.이현진.이미도.송지인.황승언.김현숙
20119513,7광구, .하지원.박철민.김성태.차예련.이한위.오지호.송새벽.안성기.박원희.김형석.박정학.배명호.장동원.정상용.박영수.오민석.정인기
20119618,위험한 상견례, .송새벽.이시영.백윤식.김수미.박철민.강동호.손대구.임종혁.김효원.김원석.정웅인.이연주.박정민.박주희.정성화.서용주.김선영.박민우.정승혜.이진규.이진성.오상훈.양민석.김준영.이명숙.이한위.길해연.박효주.김정난.김응수.정민성.이상협
20110297,블라인드, .김하늘.유승호.조희봉.양영조.최지호.조은서.박주혜.조하나.김기준.임채경.민소연.이보미.박영.최은석.이은이.박보검.오대환.이한솔.박충선.성유빈.백익남.김사희
20110613,의뢰인, .박희순.장혁.하정우.유다인.박원재.손인용.허재호.조동연.김원우.김유선.최종원.최준혁.유하준.박혁권.최진욱.황병국.나수윤.이근우.백선희.권원진.이두훈.변봉현.강승훈.김보미.장윤정.이상원.이선희.임승빈.양정은.이창훈.김영훈.배성우.이지훈.정원중.최희진.예수정.이화룡.박성연.박성근.김윤태
,, 
20110295,마이 웨이, .장동건.오다기리 .판빙빙.강남현.조동혁.김효연.김홍근.신승훈.홍서백.김희원.최지우.도지한.이건우.최태정.박태성.이광기.한경석.한정욱.서종철.김대현.이문호.유미진.이호연.이상협.이확광.곽진석.곽호선.권문철.이홍섭.최우수.오태경.양진석.이창욱.이학렬.이현희.최상준.한승현.이동훈.김시후.김인우.성유빈.정종열.이동진.위지웅
20110279,마당을 나온 암탉, .문소리.박철민.최민식.유승호.홍윤정.김한솔.김상현
20124034,도둑들, .김윤석.김혜수.이정재.전지현.임달화.김해숙.오달수.김수현.이심결.증국상.서영주.장동.장현문.정윤헌.조상원.한규석.홍원기.김영민.최덕문.최진호.장준녕.예수정.김영웅.이은채.손병욱.이동진
,, 
20124054,늑대소년, .송중기.박보영.장영남.유연석.김향기.장서이.한민혁.이승주.최광락.오영석.차종호.이영란.유승목.서동수.김승훈.구교환.이민웅.남정희.정인겸
20124039,타워, .설경구.손예진.김상경.김인권.도지한.안성기.이한위.김성오.송재호.차인표.박철민.조민아.권현상.박정학.임경만.장혜리.조윤경.배진호.안용우.전배수.이창용.박영수.이주실.김수진.권태원.김응수.전국향.정인기
,, 
20124067,바람과 함께 사라지다, .차태현.오지호.민효린.성동일.신정근.고창석.송종호.이채영.김길동.천보근.김향기.최대호.정종열.임창훈.임혜인.최태환.이아람.이예은.이주현.문영동.김강일.오나라.진용욱.오희준.이언수.최광덕.이상협
,, 
20124062,연가시, .김명민.강지원.문정희.김동완.이하늬.강신일.최일화.이행춘.장형원.정경임.최동헌.김상오.최정수.박유정.황경호.이민수.이은채.박종원.박진영.서병덕.송광주.신상열.안용우.이나연.이동하.이주원.송영창.조덕현.최정우.전국환.주석태.김승훈.정인기.김태훈
20124074,건축학개론, .엄태웅.한가인.이제훈.배수지.고준희.조정석.신민영.신예진.유연석.조현철.박진우.김의성.이승호.박수영.박지은
20113743,댄싱퀸, .황정민.엄정화.정성화.오나라.박정민.박사랑.임호걸.정원영.이정건.안은정.라미란.송원석.이대연.이한위.최우리.천보근.권병길.조달환.서동원.정아미.어성욱
,, 
20088506,26년, .진구.한혜진.임슬옹.배수빈.이경영.장광.천우희.이현걸.전종석.정광재.지성용.김병오.이상훈.이경영.정현진.이미도.조덕제.김의성.김도윤.김태준.김기천.이상훈.정희태.한사명.박서연
20124075,내가 살인범이다, .정재영.박시후.최원영.김영애.정건영.장규미.장금단.권귀덕.정용현.정진근.금경배.김경석.최신호.최은애.강봉성.이상문.박윤호.이용희.박규범.백동현.서강호.오병호.유희원.윤봉철.배성우.손종학.한제인.최희진.장광.조은지.이봉련.백현주.류제승.김종구.차청화.한사명.남정희.김민상.김자금
20113533,후궁 : 제왕의 첩, .조여정.김동욱.김민준.조은지.박지영.이경영.박철민.장지민.전주병.정일원.홍수지.신민철.안석환.오지혜.이용녀.박충선.최정현
,, 
,, 
20134803,변호인, .송강호.김영애.오달수.곽도원.임시완.송영창.정원중.조민기.이항나.이성민.차광수.한기중.심희섭.김동현.조완기.차은재.최주희.주명철.조선묵.유하복.김봉환.지건우.최은석.최현.최정현.박상현.신안진.조기왕.조유신.이선희.장리우.정준원.이정은.이진희.민경옥.정성화.박성근.신승용.김찬이.원호섭.윤탁.한승도.조용준.정재민.권오진.이설구.노영하.장우진.이해성.김승태.신욱.황건.권영국.양명헌.정원조.윤준호.이호원.설창희.홍도성.김형석.김호진.양정인.이동현.이정건.김리후.육미옥.김호연.백성식.김선주.김가영.이준기.이형은.김서영.오병남.전광진.조현덕.김경인.이상호.김성민.류수영.박수영.이경인.최태환.김서영.이현정.설창희.양도현
20126091,관상, .송강호.이정재.백윤식.조정석.이종석.김혜수.신기원.윤종구.윤희원.이도엽.권영각.김길동.정준식.조훈휘.표유신.하정수.한만영.노준표.문혜진.박진우.전신환.김강현.유재명.김의성.정대용.김근영.서현우.이규형.이유준.김태우.윤경호.최교식.박기만.주광현
20126674,설국열차, .크리스 에.송강호.에드 해리.존 허트.틸다 스윈.제이미 벨.옥타비아 .이완 브렘.고아성.알리슨 필.허찬
,, 
,, 
20136052,더 테러 라이브, .하정우.이경영.전혜진.이다윗.이재관.이춘연.장성환.전려경.박수화.김홍파.김대명.최진호.김소진.강진아.최대훈.강신철.한수현.손성찬.최정현
20136049,숨바꼭질, .손현주.문정희.전미선.장채린.김수안.김원해.노수산나.정준원.김근영.성유빈.주석태.정민성.김혜윤.김자영
,, 
,, 
20124938,용의자, .공유.박희순.조성하.유다인.김성균.조재윤.김민재.김의성.송재림.최종률.남보라.기주봉.이채윤.이현명.이현우.박진수.신나라.신창환.차현준.최두리.최태환.이민수.이병훈.이성제.김경호.이언정.이재혁.김기환.김은영.김정훈.김주영.김진아.김태현.류정은.문용군.송재호.박찬영.서현우.원현준.정아미.정종열.조혜선.박지일.이동진.이상협
20124935,박수건달, .박신양.김정태.엄지원.정혜영.김성균.최일화.최지호.김형범.장원종.이충재.장성진.장진.조용우.김에스라.현태환.서형찬.이덕화.정윤선.김홍파.이양희.정민성.김경룡.홍기준.김남순.설창희.박세진
,, 
20137044,친구 2, .유오성.주진모.김우빈.김미진.최종석.한기준.문혜지.황순영.신승찬.양혜경.이재덕.정종호.정현수.이준혁.장영남.이철민.이동훈.기주봉.정호빈.한재영.지승현.황성준.조민준.장지건.고우림.주석태.최정현.유정호.이언수
20124937,감기, .장혁.수애.박민하.유해진.이희준.김기현.이상엽.박효주.박정민.최병모.마동석.차인표.정석원.나기찬.정재형.김남준.한승희.전상진.이영수.한정학.이학수.장슬기.김태준.박성철.박예슬.박진혁.박희권.유순철.나윤성.남문철.이윤희.설창희.최정현.김서원.양도현.이람.이동진
20129370,명량, .최민식.류승룡.조진웅.김명곤.진구.이정현.권율.노민우.이승준.오타니 료.박보검.박원우.서성광.오명훈.유명환.윤희경.이윤기.정수남.정순태.정의석.김원해.이해영.장준녕.김길동.김강일.강태영.하형원.한상대.김동원.김민석.김민식.김재철.김준형.김현중.박선용.박노식.최덕문.조복래.문영동.이주실.주석태.이성우.고경표.김태훈.한이진.신유람.송대중
,, 
20136064,해적: 바다로 간 산적, .김남길.손예진.유해진.김대윤.이경영.오달수.김태우.박철민.신정근.김원해.조달환.조희봉.정성화.최진리.이이경.강대욱.서왕석.서재현.서진석.서현석.성호제.송용호.심윤보.엄세현.유민경.이동철.장지웅.정경우.차민호.권성영.김경식.김기환.김대현.김재학.김주동.김준아.김한준.도현운.안내상.이대연.전배수.김강일.박해수.현봉식.우상기.곽진무.홍인.최정현.주광현
20131102,수상한 그녀, .심은경.나문희.박인환.성동일.이진욱.김현숙.황정민.김슬기.박형우.신재훈.박인환.이태식.박재홍.서진호.양태규.정상원.정은임.정종혁.조명행.진영.한상경.한흥석.김경아.이주희.김동욱.김동희.김민준.김선하.김순찬.김영웅.김용진.김재섭.김정원.박선희.한지은.김수현.황영희.장광.전우재.강필선.김가희.황승언.임현성.정인기.이장유.하연주.박혜진.김남순.조혜선
20123501,군도: 민란의 시대, .하정우.강동원.최귀화.이성민.조진웅.마동석.윤지혜.정만식.김성균.김재영.주진모.이경영.신나라.정두홍.조남희.조현도.김광현.김병주.김영철.김지선.김태수.노남석.송영창.이경영.김병옥.주영호.한예리.김시은.김해숙.정대용.정재헌.박명신.임현성.강신철.윤경호
,, 
20139183,역린, .현빈.정재영.조정석.한지민.조재현.박성웅.김성령.정은채.강민지.박지혜.석현.정성민.조정민.최용식.이상현.한대룡.이수봉.홍남희.김고운.이승주.이승주.이승훈.이언정.이용출.이용출.이정수.김기수.김나현.김도연.김두루.김현진.송영창.김대명.천보근.서이숙.성유빈.고보결.이성우.한수현.전국향.곽자형.배우경
20139201,신의 한 수, .정우성.안성기.이범수.김인권.이시영.안길강.최진혁.홍성덕.정윤선.강다혜.박지훈.백동현.서병덕.고용석.윤정희.이다혜.최두엽.최시은.최제헌.이명희.권태원.이은지.이정호.이주희.김선웅.김주형.김태진.박갑진.유재상.김홍파.유순철.김명수.안서현.이용녀.최일화.김소진
20130442,끝까지 간다, .이선균.조진웅.신정근.정만식.신동미.김동영.박보검.박진성.정하철.윤종현.이승준.이지훈.김보경.이영수.김재철.김진환.배유람.김강현.기주봉.장인섭.장준녕.김해곤.서현우.이준혁.주석태.김승훈.이장유.김그림.허정은
,, 
20149265,기술자들, .김우빈.김영철.고창석.이현우.조윤희.임주환.조달환.권지훈.김원진.노선식.박갑진.유원선.윤대원.윤주환.이상민.이수민.채성원.천준호.최현우.최춘범.한지은.지승현.장지건.허준석.허지원.이장유.김사희.최다니엘.최정현.정성일
20147930,나의 사랑 나의 신부, .조정석.신민아.윤정희.이상희.전예원.조아라.김광수.김보미.김선하.김은비.박주운.신영일.배성우.라미란.윤문식.황정민.서강준.김형욱.김근영.고규필.강신철.박지연.이장유.조현식.손병욱
20137043,남자가 사랑할 때, .황정민.한혜진.곽도원.정만식.손세빈.백동현.이확광.임정빈.임희준.양준호.조왕섭.조화성.최제헌.이성호.한동욱.권지훈.허명행.황병국.김정수.남경민.문성렬.박성웅.이채은.김병옥.김홍파.남일우.김태희.김종수.최우리.남문철.박지환.강민아.정희태.곽진석.김서원.박혁민.손병욱
,, 
20134594,두근두근 내 인생, .김승욱.송혜교.강동원.조성목.백일섭.황석정.안현정.강상대.신동길.양승걸.이강진.전상원.정동혁.정해진.허준석.김동섭.김소진.김승찬.김화목.도현민.박광설.채서진.김태준.오희준.서현.홍완표.최정현.신정섭.이동민
20148048,베테랑, .황정민.유아인.유해진.오달수.장윤주.김시후.오대환.정웅인.정만식.송영창.진경.유인영.박소담.이동휘.배성우.천호진.이채은.조덕현.신지수.권지훈.정윤헌.장한승.김선웅.김성종.우영택.김민재.김재현.김태용.김지수.박지윤.박지혜.손성민.장소연.유재명.배제기.류아벨.정재헌.안길강.마동석.김응수.고규필.서현우.강영묵.한수현.김기천.이문석.이상희.김서원
20148851,암살, .전지현.이정재.하정우.오달수.조진웅.이경영.최덕문.김의성.박병은.김홍파.강용빈.홍성지.지동주.장현석.장용현.김민지.김승찬.안태랑.김예은.김정석.김정호.김지원.박상민.박정환.조승우.김해숙.진경.박소은.김인우.심희섭.김태준.차지원.강영묵.정기섭.금새록.원현준.안민영.허지원.곽자형.허정도.유정호.정인겸.김서원.김준우
,, 
20149314,내부자들, .이병헌.조승우.백윤식.이경영.김홍파.배성우.조재윤.김대명.조우진.이엘.정만식.김병옥.김의성.박진우.남일우.김연지.김진우.문소리.박경순.설우신.손혜진.신정미.윤보배.이선관.이재남.이재정.이주아.신지수.장현준.최정연.황준혁.손종학.조덕제.유재명.조경현.권태원.강신철.정민성.박성근.정종열.문광식.이문석.이동진
,, 
,, 
20145503,검은 사제들, .김윤석.강동원.박소담.김병옥.김의성.이호재.남일우.김동현.김미영.김혜민.박지수.송선찬.이상민.이승훈.이현우.손종학.조수향.남문철.김수진.민진웅
20149570,조선명탐정 : 사라진 놉의 딸, .김명민.오달수.이연희.강다현.전건익.정명철.박지선.배영민.정혜은.조관우.조명행.최지명.송병철.김나현.이경용.이귀현.이낙준.한대룡.이선도.이성동.이용우.김태환.정원중.남윤나.류광일.류현상.최무성.김원해.우현.황정민.이정은.박수영.권범택.현우
20148845,스물, .김우빈.이준호.강하늘.정덕희.주창욱.권지훈.오하늬.오현경.이성두.정소민.안재홍.이유비.김의성.김종수.황미영.서호철.박명신.양현민.허준석.한준우.백수희.차민지.정주연.홍완표.곽진석
,, 
,, 
20136888,강남 1970, .이민호.김래원.정진영.설현.유승목.한재영.이연두.정호빈.최진호.엄효섭.최병모.지대한.전배수.윤종화.서우진.이인혁.이정완.이주협.박소희.박시연.이한울.임성숙.장준혁.전우재.강풍.박재영.박재희.박준영.정영택.백동현.정창용.조선기.서현석.천영암.손재영.주연서.신영규.양진석.오형근.윤지원.이규석.김원진.이성용.이성준.이세훈.황재진.이원희.이은주.안정우.정진영.김지수.곽민호.이가경.한준우.이성우.임용순.박기륭.유정호.신유람.박태산.남진복.박혁민.서병철
20149569,악의 연대기, .손현주.마동석.최다니엘.박서준.이준혁.이태호.이현우.강민정.조은수.서정우.최동헌.안용우.이명준.이성재.이용희.이은정.정원중.지대한.장준녕.정준원.한수현.배진웅.송훈.권유준
,, 
,, 
20156564,부산행, .공유.김정희.정유미.이주원.김율호.이영욱.마동석.김운.최우식.안소희.김의성.김수안.박민우.박민혁.임종훈.박종관.장문성.박혜진.손지훈.손지훈.연상호.조춘호.지동현.윤미중.이동하.이윤상.최창수.편준의.허성우.황유경.최용훈.김근영.이주실.예수정.김대현.한지은.박명신.이육헌.김시우.백인권.차청화.류성록.주광현
,, 
,, 
20164928,녹터널 애니멀스, .에이미 아.제이크 질.마이클 섀.애런 존슨.아일라 피.아미 해머.로라 린니.안드레아 .마이클 쉰.그레이엄 .닐 잭슨.지나 말론.크리스틴 
20156250,인천상륙작전, .김정철.이정재.이범수.리암 니슨.진세연.정준호.박철민.김병옥.김선아.김영애.박성웅.추성훈.황석하.이창세.박정원.박현선.션 리차드.한비.김희진.진용욱.곽순우.홍기준.우도환.성혁.길금성
20153444,럭키, .김운.유해진.이준.조윤희.임지연.전혜빈.이동휘.박선용.박은미.정소리.최시형.홍의권.김기정.고준.차엽.이성욱.정희태.김현숙.김시우.김민상.신정섭.최원.이승철
,, 
20150979,덕혜옹주, .손예진.박해일.윤제문.라미란.정상훈.박수영.김소현.박주미.안내상.김재욱.김인우.백윤식.김대명.김정희.박윤식.박지수.박혜영.송민수.송창현.신동주.오세영.이경훈.이명규.이상진.이승진.최영빈.최일순.최정순.한동훈.함성원.홍은지.김무규.김기정.차지원.고수.금새록.김승훈.김기천.곽자형.김나연.신정섭.김용호
,, 
20144641,판도라, .김남길.안대겸.김영애.문정희.송영재.정진영.이경영.강신일.김대명.유승목.김주현.김명민.김동우.김선형.김승배.김영준.김재민.김정훈.김태영.김태현.김태훈.박기태.박선희.박준영.이경재.최우성.공정환.강민.지현준.주석태.정종열.송철호.김영웅.김태훈
20144444,아가씨, .김민희.김태리.하정우.조진웅.김해숙.문소리.최병모.김인우.이용녀.조은형.장한순.이규정.이승준.이윤재.김시은.안성봉.박기륭.원근희.정인겸
20161364,귀향, .손숙.강하나.서미지.최리.정인기.오지혜.김시은.이채현.임성철.임혜영.박주현.박지희.박진경.장현익.정광윤.정부경.정승현.안재성.이경훈.이민영.이선희.이수현.이승현.이여원.김완기.김은나.정무성.류신.윤정로
20154661,형, .조정석.도경수.박신혜.권지훈.김승아.김진희.이연수.강두.정지훈.손산.김강현.권범택
20153443,아수라, .정우성.김현빈.황정민.주지훈.곽도원.정만식.김원해.김종수.김해곤.윤지혜.오연아.윤제문.이종성.장근영.박지환.손영진.양영일.윤성민.이가경.이광기.이상민.채성원.김남조.노남석.박갑진.김수진.염동헌.차래형.현봉식.최병모.이육헌.임용순.유정호.곽진석.박혁민.황재필
20150972,굿바이 싱글, .김혜수.마동석.김현수.김용건.서현진.곽시양.전석호.이미도.이성민.황미영.이형미.박지영.정준화.유성진.윤환.이수경.최문석.홍민희.김근영.안재홍.황승언.김고은.목규리.이선빈.배유람.정원중.강찬희.송철호.임영우
20162869,택시운전사, .이수민.송강호.토마스 크.유해진.류준열.박혁권.최귀화.이창섭.이호균.서정우.송병철.안용우.오석규.윤석진.이새별.이성호.이정은.이주영.황민형.김신웅.김진상.김화목.차순배.김대현.서현우.이봉련.홍완표.문광식.류성현.백인권.허정도.손경원.한사명.한이진
20150976,신과함께-죄와 벌, .하정우.차태현.주지훈.김향기.마동석.김동욱.도경수.오달수.임원희.장광.정해균.김수안.이정재.김해숙.이경영.김하늘.최용훈.강소백.정수윤.이수봉.이승준.이지향.김태준.정지훈.예수정.김기태.성유빈.오희준.이준혁.유수빈.윤지온.임철수.나철.강길우.김민종.홍인.정순원.김그림.박윤호.양지수.김지나
,, 
20172742,범죄도시, .마동석.윤계상.조재윤.최귀화.박상규.유지연.최성재.이경원.이태규.진선규.허동원.김성규.박지환.오민애.허성태.이성우.민무제.한수현.홍기준.배진웅.정인기.서문호.윤주.박기륭.정인겸.하준.김용호
,, 
20162442,청년경찰, .박서준.강하늘.성동일.박승호.한도진.박하선.정다은.김규백.이하준.이현일.임대현.박정훈.장석진.서은지.서정우.서지원.신정화.조윤주.우상기.이강재.이다영.최광원.최지민.이도현.이상민.이세희.이수진.한재욱.이은비.이재웅.이정수.이주원.서정연.고준.전준영.이호정.배유람.이승희.류경수.정원중.이수인.김강현.최홍일.정동훈.안성봉.양현진.서도빈.지찬.이규성.변우석.박재홍.태윤
20151229,더 킹, .조인성.정우성.배성우.김아중.류준열.김의성.김민재.정성모.정은채.김소진.황승언.이주연.정준용.박시영.임승묵.박정민.박지홍.박진영.장승연.손영진.안용우.유현종.이나경.이석호.한미진.이승민.이윤희.김원진.김규선.남명렬.이가경.차지원.차엽.오대환.이세랑.정원중.곽순우.금새록.김해나.정인기.박성근.윤부진.조대희.임용순.이열음.염석무.박기만.이병철
20165748,꾼, .현빈.유지태.배성우.박성웅.나나.안세하.최덕문.전보람.전헌태.이용희.이재남.이창호.김동철.황인범.차순배.염동헌.허성태.주석태.정민성.최홍일.김자영.류성현.유정호.손병욱.신정섭
20170402,강철비, .정우성.곽도원.김갑수.김의성.이경영.조우진.정원중.김명곤.박은혜.김지호.안미나.원진아.정유나.이상민.이정호.정환.한승헌.박민희.한창현.이양희.현봉식.손성찬.이지원.강덕중.최현종.권범택.천재홍.정종우
,, 
20174142,아이 캔 스피크, .나문희.이제훈.박철민.염혜란.성유빈.김소진.이상희.정연주.이지훈.손숙.박준서.이정현.홍상원.황연희.이재인.우지현.이신성.최수인.우상기.이대연.이정현.손성찬.정원창.김자영.김경덕.손경원.설창희.정태야.추연규.이승민.이범규
20162181,프리즌, .한석규.김래원.정웅인.조재윤.신성록.곽민호.박영준.임경욱.장한승.신영진.지동주.윤세현.천재성.이상민.이수민.이용직.이재수.이정수.이정훈.홍도성.김성종.연송하.이재균.차엽.서호철.현봉식.김승훈.배명진.전배수.홍기준.권혁범.최현종.임용순.박중금.유정호.한이진.엄지만.이민혁
20162722,보안관, .이성민.조진웅.김성균.김종수.조우진.임현성.배정남.염진환.박윤호.박지훈.신지훈.이규섭.이동현.최형욱.이윤희.이정은.손여은.현봉식.손석배.배명진.강덕중.김재영.이운산.박윤호.양지수.김언수
,, 
,, 
20186202,신과함께-인과 연, .하정우.주지훈.김향기.마동석.김동욱.이정재.김기태.오희준.도경수.이준혁.이수봉.이용희.이우주.이우주.이준혁.이지향.이지향.이지혜.김지안.김철구.김태준.안용우.김학충.노남석.장재욱.전종석.박지선.박찬영.정진영.정지훈.권훈.권수정.김대근.김대현.김동욱.김민석.안지호.강민.조한철.임철수.민무제.강신철.홍기준.장광.정아미.김민종.홍인.류제승.최현종.김그림.양지수.강재은.전승재.정진영
,, 
20177538,완벽한 타인, .유해진.조진웅.이서진.염정아.김지수.송하윤.윤경호.지우.정민규.정지훈.조용진.최유화.조달환
20179383,독전, .조진웅.류준열.김주혁.김성령.박해준.차승원.이주영.김태준.서현우.이경제.이민호.김재훈.백승환.이정철.이정호.김준형.이주영.이지민.안성봉.김태준.김태현.오현석.박성연.박예진.박은영.박정진.박종범.정여진.박진수.최성철.김대근.황기석.김양수.김선우.강승현.강지현.김누리.김동영.진서연.정가람.김동영.금새록.정준원.서문호.이육헌.윤재인.정종우.추연규
20179101,공작, .황정민.이성민.조진웅.주지훈.김대현.이경호.이기용.이동희.이상원.이상현.박현민.박혜영.김재희.이승찬.이승환.이승훈.이은영.김정현.이재우.이재혁.김정호.김종수.김지나.서주연.손승훈.이창석.이창훈.이희경.김지혜.김지홍.김진영.김현중.김형기.김형우.정재헌.박진영.강주석.정혜경.조현수.강민지.김다솜.김대현.김미혜.최운진.최지현.최희열.김소진.김수연.김은아.김승희.김영진.김영훈.김용석.김우영.김우현.주해은.한창현.양현민.정기섭.민무제.한수현.금새록.김응수.최병모.손성찬.홍기준.정소리.김규백.김규남.최정인.박경찬.곽자형.강덕중.류성현.감승민.김현.윤재인.권범택.설창희.김인우.양지수.곽진석.박혁민.염석무.엄지만.정종우.김도율.권유진.김종태.박진수
20179189,암수살인, .김윤석.주지훈.문정희.진선규.이재현.이윤재.김종수.김지성.이현주.임병우.김진혁.김학준.윤성원.박성현.박진수.박진영.권회수.허진.김영웅.배해선.이봉련.정기섭.이유준.원현준.김미경.김미화.정종준.황재열
20177552,국가부도의 날, .김혜수.유아인.허준호.조우진.뱅상 카셀.이원희.이은주.손민석.손영진.이하윤.김진구.박경관.박재민.박재영.박정민.권훈.김기현.염혜란.최준영.조한철.한창현.엄효섭.장성범.동하.박진주.이양희.손성찬.전배수.백도겸.박경찬.정종열.양말복.한이진.김민상
,, 
,, 
20178161,탐정: 리턴즈, .권상우.성동일.이광수.이일화.남명렬.손담비.최성원.김동욱.박성일.오희준.이광호.이동민.이동민.서영희.심상민.엄진용.임승묵.박성연.임효우.박영식.정성호.정연주.정인영.박태강.정택호.조혜선.최광락.권혁석.김동욱.김미진.최재옥.홍광석.홍광석.김선간.김수영.김승필.김승필.김용호.김원진.김성규.김연교.백인권.이상철
20153446,너의 결혼식, .박보영.김영광.강기영.장성범.고규필.서은수.차엽.안길강.이동석.이재상.서남윤.김준수.김지훈.김태환.김학준.김한슬.박규태.정난희.박종범.박주희.정유진.정주호.조영웅.김건중.홍근택.홍진기.김민석.김영훈.강희중.배해선.조성희.신희철.김현숙.안민영.전배수.윤경호.강덕중.유희제.하준.김성준.박성준
,, 
20170669,지금 만나러 갑니다, .소지섭.손예진.김지환.고창석.이유진.김현수.배유람.이준혁.서정연.손여은.이진.이상철.이재환.이정민.변지은.김지민.송지연.이준성.김지호.김하은.유은성.박서준.정유민.정현우.차봉주.김경애.김민석.김선웅.김범준.공효진
,, 
,, 
20182530,극한직업, .류승룡.이하늬.진선규.이동휘.공명.양현민.장진희.한준우.김명준.나철.정재광.정원창.김강현.김지영.오정세.이중옥.홍완표.고봉구.권지훈.권태호.김가빈.박재홍.서호철.김남우.박진아.송영규.안성봉.신하균.심철민.김병호.류제윤.김성우.이정수.김의성.김종수.고경진.고관형.이광기.지찬.구성환.이동용.천준호.정성훈.이하늬.이한종.임세운.한동희.임정묵.이범찬.이운산.김천.조주한.조현숙.이유진.정우영.신신애.윤설.정윤회.박도영.정재광.최광원.이두일.김윤배.최신득.이왕수.이육현.박정표.정인기.배정선.장지웅.임유란.엄지혜.오민준.태원석.장격수.편광진.하철.변봉식.홍승진.홍은진.허준석
20183782,기생충, .송강호.이선균.조여정.최우식.박소담.이정은.장혜진.박명훈.정지소.정현준.윤혜리.박근록.이시훈.김규백.설민.박가빈.정이서.조재명.정익한.안진상.이루아.김하언.하윤희.이도운.오별하.유인.유채련.정일화.지혜영.지연.최정연.서복현.심수미.장지우.한미자.주수지.강현규.고관재.박서준.곽신애.류영훈.문상근.김건.박재완.서한결.서희영.손지영.박혜숙.백동현.신승민.백승환.안성봉.염재민.오상준.오상준.김성수.김세인.윤영우.정재훈.김이슬.이종현.이주형.제승현.김혜련.김정우.이지혜.황인경.이덕형.이시은.김영조.이동용.김보령.김용각.정세현.이옥희.이상경.정아름.이은희.이인경.박미애.김진형.이시후.박재욱.양선영.장예원.최정현.김성준.최지원.김향배
20184621,엑시트, .조정석.임윤아.고두심.박인환.김지영.강기영.오희준.배유람.유수빈.조성희.주보비.김강현.정민성.박성일.신세휘.김경룡.김강훈.강덕중.강충훈.박상혁.곽민규.민대웅.권혁주.박윤희.박윤희.박정환.박주홍.설도희.배해선.백현익.신철진.양지혜.김병순.오누리.김보성.김상보.윤대열.오유진.김서율.김선호.김수연.김현수.김현수.이정인.정재은.임희수.최서현.정지우.최성윤.김형기.이선우.이성수.이성훈.조성동.김호정.조예린.김종구.황슬기.조윤호.전혜원.이찬유.조은성.최재영.최재영.이수정.김주아.강기영.김준수.이경오.주보비.주보비.최진영.고두심.곽새빛.곽호중.권상혁.최현아.권은빈.최혜인.기상원.채서원.김한솔.이동휘.이동희.이랑서.김태한.임종현.이창진.김이석.한우리.이화정.이봉련.김환영.김태환.주예서.김태율.정우영.정새다솜.정윤지.채승혜.슈기.천대만.윤해빈.이채원.이재국.이학광.최영도.이현하.박재랑.이용탁.박채익.반혜라.탁트인.손현준.장서우.송원수.변건우.한서율.한승효.황지현.황효은.한윤식.허철.허형규.홍나현.강경수
20192206,백두산, .이병헌.하정우.마동석.전혜진.배수지.손성찬.서명찬.양지수.박준영.양대혁.김재철.박지훈.변우석.지화섭.김지민.이정민.허승.차시원.김훈만.손영순.박태산.우진혁.신성일.김세윤.김정현.허지나.김지훈.한창민.남상지.김연교.정윤하.김하라.이은희.이상원.옥자연.한수현.강신철.이경영.조한철.최광일.김시아.임형국.박주환.남성준.김민식.박지홍.서현우.김준원.남문철.박성근.전도연.노종면.이광연.이종원.김경수.나경철.박윤미.염상훈.차해리.김태은.서석규.서문호.장재희.나경진.김효준.김성혁.권수진.임윤비.장근영.서문호.한동훈.오지영.박정숙.홍지아.임수아.권귀덕.김기태.김찬욱.김양원.김시원.김대경.강규현.박범석.이재한.임무빈.장나라.서영재.김통령.최정현.이한결.안구희.정한빈.최홍락.정상균.이육헌.권혁일.이두원.이창석.장용희.김동빈.김영경.김진문.민병욱.윤슬기.장태영.정진혁.한동훈.백경윤.고한민.허승.양지수.한동훈.서문호.김연교
20184462,봉오동 전투, .유해진.류준열.조우진.키타무라 .이케우치 .박지환.최유화.성유빈.이재인.다이고 코.고민시.지웅배.양현민.김기태.김규백.강민재.박도하.동윤석.곽진석.김대건.박시윤.권혁성.박영복.김경로.김경준.김경희.김관수.박재형.박준성.박지열.손우진.김동규.박훈.박희순.배성민.김두현.백경록.백승환.안성진.유경훈.김병국.어주선.오상무.오상윤.오승호.오진석.윤병희.김세한.윤선용.김현민.이정민.최민식.장세용.김현철.허인구.허인범.이준우.장의돈.김재현.홍범기.홍상표.장현석.장현정.전동현.전두식.홍진기.홍희자.윤종구.이수호.강내균.정미남.김연.강신구.강신형.이경욱.강준석.이관훈.이광기.고한민.고한수.지성은.곽예준.권성영.이대광.김길중.이동용.김리승.이연빈.김학충.이한종.김승완.김용석.임세운.임정환.이예지.임동욱.조셉.조영동.노재훈.조원빈.김철윤.주광현.남동명.김태형.원일.문동식.원진.위민국.김태준.유명훈.노시홍.지명근.정광희.진근호.정동근.민상우.정윤철.신한울.윤서진.채장열.이인규.정재우.박범석.이권식.심소영.김유진.이민혁.박승준.박야성.최유화.이웅빈.손민호.양정두.장인수.여윤호.최홍락.염석무.전영인.최희열.전중용.오문강.서정식.오재윤.장나라.장래군.원풍연.장병수.오현근.백종승.백효성.한국인.한도진.황태인.한태양.홍민수.곽진석
20188750,나쁜 녀석들: 더 무비, .마동석.김상중.김아중.장기용.강예원.민태율.박형수.김혜윤.손성찬.박상욱.정종열.김경덕.서문호.백종민.임용순.안성봉.배은우.김인우.박태산.지승현.추연규.최원.이순혁.박효준.이재윤.박원상.조영진.한정현.전익령.김형묵.윤병희.강영묵.조동혁.공정환.석영오.문경민.손진환.김희창.박광재.최현욱.김원진.이수정.장준녕.김재록.설지윤.강민태.김창옥.이승창.김원중.박서진.강승호.김지웅.서영민.원근수.문재원.정광희.서문호.배현경.홍도성.황두하.지남혁.한상철.장의돈.이진혁.박병선.봉신주.박근영.이지운.김산성.박민한.김대경.고봉구.김효영.한명철.신현승.유병선.오재윤.김문학.양한석.이수민.나호원.정무성.박태산.이왕수.최재원.유인선.김미지.조혜빈.최서현.윤수하.최지희.최효상.김윤홍.김지한.임용순.김강일.박용.손성찬.방재호.김춘기.김시온.장한승.전민준.안성봉.신유람.윤토왕.정윤철.임정민.박금철.김왕용.서정우.홍범기.권지훈.양해길.박광설.이형길.주원.배준모.김정봉.이성빈.이재학.여경준.강범석.최민석.박성우.임시우.한명환.손현민.김지훈.박현준.고건호.박국진.김여름.김창희.남상기.노현석.나예성.신용호.신현빈.윤지용.이건희.이원찬.이종현.장석권.정상호.정지성.한지훈.조태호.김혜성.진시원.임세운.박숙명.김시혜.김주연.정은정.김상욱.유재상.송원수.김선동.이한성.곽정길.김명희.김유진.홍희자.박복만.심철민.옥주리
,, 
,, 
20176103,돈, .류준열.유지태.조우진.원진아.박명신.이화룡.오희준.정기섭.차래형.김강현.유재명.이서환.정만식.임세미.한주완.서명찬.이무생.홍인.임천석.우지이.강우신.홍석찬.임교은.박용복.백명재.백정우.추판호.배재완.추국현.주제희.김일석.안문주.선인호.황혜진.현명석.노현욱.구혜연.권욱락.환현규.서아라.강이나.천세라.최별하.최예록.박아정.현정애.김운송.허철영.구효길.백승인.주동희.이태검.강덕중.남문철.동윤석.동현배.고해성.박상훈.곽진석.구본진.박성용.맹나현.박성현.박세정.권지훈.권혁성.서정우.김기정.선율우.박준혁.성승주.박준호.김대현.손영민.손우진.손종학.송승현.신재민.변진수.김민아.김민재.안현빈.유지수.오경민.오대환.육효명.김상욱.신나리.김세정.윤선혜.윤용석.윤용석.윤육.이정철.고재경.장영주.김재영.허지나.최영우.이지연.장훈.김혜련.김혜준.이지혜.황병국.이수련.조우진.김종수.이육헌.최현종.황정민.최정현.김시우.조정원.정도원.이가경.강동균.정민규.주보라.김지나.김지성.진선규.이도국.김진옥.최희진.이연우.김하영.김성강.정세아.김태한.김왕도.이민정.김윤영.김윤오.김찬이.이원찬.이현일.이유진.명재환.이윤경.이은석.정수용.김태빈.이이슬.박광진.김철민.윤채연.김진호.박소리.안지은.안태준.이호근.박현욱.최현종.전희련.오승훈.김현우.한성호.한수용.곽진석.장규미.노상현
20198414,시동, .마동석.박정민.정해인.염정아.최성은.김종수.이해운.성혁.손석배.홍인.이수빈.방은정.허준석.김미화.조재영.김대곤.강덕중.박성일.백주희.김자영.윤경호.고두심.김경덕.김민재.박해준.류성현.권혁범.정의욱.유수빈.조대희.차우진.조한준.이태형.승의열.류제승.임성재.김원목.곽수정.이문석.정병두.서문호.강태수.박원준.이육헌.김시원.김통령.하재열.최현종.임동민.김기태.선율우.오재세.우광제.이한결.정상균.정운.최홍락.선우.강윤혜.김보람.김해정.민서희.전경석.김주아.박혜영
20195920,가장 보통의 연애, .김래원.공효진.강기영.정웅인.장소연.이채은.정혜린.손우현.박근록.주민경.지일주.오동민.성병숙.차엽.윤경호.차중원.신민재.손영순.손산.이승찬.조재완.김연철.김영.배현성.조지현.송예진.정현규.심소연.손성찬.조영복.최정원.최지원.강소연.유하성.송규용.정미란.한예성.임지형.이건희.김진옥.박인영.이윤재.강은수.홍민성.민지안.임유란.송필근.손여은
,, 
20195002,블랙머니, .조진웅.이하늬.이경영.강신일.최덕문.조한철.허성태.강도연.정인기.윤진영.박영빈.최정현.엄지만.천재홍.김태향.고인배.권반석.김곤.김산.김강훈.김누리.김대근.김동규.김동인.김서하.김선희.김윤도.김재록.김종언.김종태.김주아.김진구.김진래.김형석.김형진.김호연.나연수.남명렬.남문철.노성후.노진원.류승수.문성근.문정웅.박민관.박상혁.박승일.박응수.박재완.박종범.박종희.박주미.박지현.박희진.배장수.백예현.백옥균.변동욱.서현철.서호철.선학.성병숙.송동환.송현기.신동진.신영진.엄지만.오상준.오진호.우상희.우수빈.유광수.유민주.유태오.윤병희.윤영식.윤진영.천성우.이가경.이가경.이광연.이나라.최정현.최준혁.최지연.이성민.이승훈.이시우.한갑수.한담희.이예영.이용재.한수호.이은정.허성태.이재용.이종호.이진영.황윤호.이진혁.이태형.임영혜.임정민.조정환.임채선.조한철.조형일.조혜인.장래군.진시원.장원진.정재원.전시아.정민규.정민성.정인기.정의욱.권소현.이종운
20185881,증인, .정우성.김향기.이규형.염혜란.장영남.정원중.김종수.박근형.송윤아.이준혁.이레.김승욱.오재세.이채은.이서준.이서환.강민지.강지현.박세정.권혁준.김경훈.박재환.박주은.박준호.박찬영.송우용.김미진.안성봉.신치영.신혜정.김범석.오창경.김소연.김수경.이준형.장효석.김정연.김호연.조성재.김홍식.최은영.최종률.정도원.정명훈.조한나.이승헌.강은수.고민지.곽나현.권정은.김규인.김난영.표예리.김바비.이동훈.김학선.이영아.김승윤.이민정.조복휘.김인규.김준원.정승욱.도현.김형묵.정영록.남혜진.김태현.정우성.문승배.정경현.이은샘.채치웅.윤정환.박미정.이종익.최문익.심은정.이석환.박윤근.박은우.엄주원.박창화.배내희.손제형.추귀정.염지영.장부익.장선아.서광재.한윤지.한재경.이슬이
20177539,사바하, .이정재.박정민.이재인.유지태.정진영.진선규.이다윗.배해선.차래형.황정민.김근영.윤경호.지승현.이항나.정동환.문창길.오윤홍.문숙.강나영.김두은.김유린.김지후.조수지.신보경.정병두.이재순.배선엽.곽영신.유승희.장지민.정혜은.강우진.윤창희.김근우.이치민.하승협.권해성.손병우.박상현.김찬빈.한유한.이월진.박재만.박영래.이광석.한형주.류현주.손연서.유선이.강민재.남도현.강성철.강지현.류경인.권귀빈.박수미.권오준.민설애.김가은.김금순.박종범.설시연.박지윤.박지환.박진영.박훈.김명희.백승철.신유진.안성진.안현빈.김범수.오누리.노유림.옥영진.옥주리.김소숙.강민지.임현주.이상우.정재은.임효진.김현정.이주실.허다정.이준구.정한호.장영애.권태호.김홍파.김정훈.조한준.이문석.이수정.김승현.황인준.정미경.조한아름.이건창.김지수.진선규.정서인.차순배.권해성.이대현.김진옥.표성수.표예리.한다경.이한울.이한울.김태윤.이은주.김유나.이재진.장희욱.박지윤.박규범
,, 
,, 
20193450,반도, .강동원.이정현.권해효.김민재.구교환.김도윤.이레.이예원.김규백.황영희.장소연.문우진.차시원.박종범.김태준.이승진.안현빈.고동형.오진호.박성현.윤영균.오문강.유동균.김민송.김시호.박세준.김철윤.강전영.신희철.조용환.손윤환.조석인.김희수.김성호.이세랑.김세동.채우식.황윤호.김정승.이한.김평조.장나라.박범석.허승.김원훈.최세인.조전범.이조풍.미석.장격수.유성주.박충환.원진호.용재화.김이연.김희.선우.이태경.황필성.장락천.한성수.김윤도.박종범.박수찬.김단비.고나영.박찰리.이한.김만호.황윤호.김한솔.정현옥.윤상원.성백인.박시연.배윤민.최성식.남상우.권용덕.하길현.이보영.문바롬.김진욱.이단.이태환.안재원.전아희.지성은.이재우.김현우.명승훈.김민환.김빛나래.민정은.조현수.현직.김평조.한철훈.노재훈.김정승.김온림.김희진.강춘성.유성재.김태환.유재연.이유진.김오복.김은해.이승진.이도헌.전한승.강준석.공민규.김기태.김통령.김찬욱.김승완.배성민.소윤호.오재세.오현근.임지한.진근호.최정현.곽한훈.한시원.김영조.김왕도.박은철.이웅규.정승욱.김성호.김예원
20192101,히트맨, .권상우.정준호.황우슬혜.이이경.이지원.허성태.조운.허동원.이준혁.이중옥.안성봉.주서은.권유준.이상이.오자훈.배민준.박경근.손성찬.문정대.이건구.하경민.김사란.신수오.조셉.손태양.채인우.김건.서성균.박가은.안보라.권반석.황태희.김원영.변동욱.강현우.정수용.심상윤.이윤규.신희정.윤동주.심홍섭.배재성.장필상.박지해.나승준.손지민.이한종.아우 티투.문정수.김원중.김흥태.김관영.김대근.우광제.이왕수.남승화.이창섭.이금용.임효우.박현선.주창욱.문형돈.원우.최재현.올렉 오스.디미트리 .서정훈.신기원.박예찬.임효진.설윤지.강영준.옥주리.김풍.황병국.김미희.한철우.이상원.김길동.배진웅.김성준.이승아.김나은.히트맨.박상연.김종석.이동혁.이승민.이건우.최준혁.박도영.양정두.유재근.김민성.김재명.김동현.도현.이건.최지민.안영주.윤준호.이동욱.박창희.노희중.최지혜.유지연.박두식.이재남.박성진.이상진
20193069,#살아있다, .유아인.박신혜.전배수.고나영.권용채.김경태.김다영.김단비.김라희.김미래.김미래.김윤도.김학선.김현우.김훈만.나경철.나경철.노정미.박수찬.박윤호.박재현.박철민.박철민.소회정.손경원.신연우.심소연.양말복.양수진.연재흠.연제이.염정연.예효승.오혜원.유연.윤예나.은 한.최계형.최다인.이규호.이동규.이승진.이승창.한상균.한성수.이유진.이재영.이재영.황윤호.이채경.이현욱.이회원.임우찬.임은지.주보비.진소연.장의돈.장지건.전배수.전운종.정세미.정영도.강현구.조한준
,, 
20196271,강철비2: 정상회담, .정우성.유연석.곽도원.앵거스 맥.신정근.류수영.염정아.김용림.김명곤.장광.이재용.안내상.손종학.하쿠류.크리스틴 .스콧 로웰.서동갑.김승태.정진각.유성주.김중희.김중기.신수연.심희섭.손승범.전운종.김호준.최원.서지원.조유신.김재일.이승찬.권혁성.이태형.최민철.박성현.최재훈.박윤석.이수련.고윤.이남희.전영미.공대유.서지원.현대철.최희진.김다영.김진욱.조민국.조의진.고현철.김세윤.김연.이동호.위민국.하진철.이재영.박범기.박범석.권동원.지웅배.김평조.류한선.이민수.김한.이충배.신훈희.한상균.임평순.김진숙.김우진.이육헌.이지혁.조성재.송채린.권훈.김영조.오재세.남찬규.양욱.김상화.류근식.김왕도.홍인아.강지훈.김선홍.장나라.김시원.한민희.이덕건.이순풍.김상욱.김우택.김용우.정상균.구본혁.최민혁.김민호.최나린.문근식.김용우.최병문.권관옥.박경준.한동균.백승환.최현종.홍경훈.유현식.김탁.이진희.홍현종.최기상.육효명.이정철.양영일.김지한.이규연.고재운.표성균.정승기.유재상.임재혁.문지완.최승혁.강민규.백남해.전병도.김종표.추태균.안영진.이선희.안승현.손인숙.이승미.김애란.김철웅.박문희.박현옥.안찬성.이미경.박천호.정석희.한옥순.유영숙.한재완.박미숙.조혜경.이원.김도현.김도빈.전지호.문장택.이용기.인승주.임정빈.박주현.최민서.박민혁.김영욱.김진우.이종현.이상직.윤정도.김상우.송승표.신민규.김성우.고태관.박종훈.허인홍.경성현.최현채.김태준.조우진.유현주.김규민.정세미.고해성.강태식.박소라.이동규.신동호
,, 
20192193,도굴, .이제훈.조우진.신혜선.임원희
20193321,정직한 후보, .라미란.김무열.나문희.윤경호.장동주.송영창.온주완.조한철.손종학.조수향.윤세아.김용림.박성준.임영우.안세호.김나윤.고규필.이도엽.양나영.주민찬.김봉만.우미화.박성준.이동희.전진오.강숙.박정표.김원영.이애린.박예슬.박예슬.홍승균.안진영.한동호.조윤지.유이준.안재현.신지우.정용실.김희수.박재범.정소용.강충훈.김현진.이동원.이하늘.이대겸.정경현.김광태.김호준.양찬주.손성찬.김비비.김하나.이은율.신현아.박시윤.유성재.홍의정.옥주리.황연희.정일화.박소윤.김혜주.성현미.노덕이.이옥봉.이덕건.강종성.장건범.남정현.김양희.김은지.박소연.이덕재.김가윤.김영우.노을.박정윤.이윤석.이제용.한유리.김규리.김민영.김민종.김보라.김재훈.나인석.박승민.박주홍.방선혜.신창욱.안현석.양예원.이건민.이재혁.이정구.이지은.이지은.전하림.정열.한준용.이현송.김형균.허철주.허철주.송하균.송하균.송하균.류승무.조주한.문규민.안흥성.박지현.이서율.황인준.신은영.김동욱.김근영.강수호.김한상.장현정.유현정.이성훈.최기상.이종철.김남욱.윤서정.안진현.박윤영.김동희.이서율.이규현.류인아.김주아.김정문.김민지.오만석.김근영.신나리
,, 
,, 
20183002,해치지않아, .안재홍.강소라.박영규.김성오.전여빈.박혁권.장승조.문동혁.한예리.서현우.박형수.김흥래.김수진.윤대열.이현욱.오재균.조민경.손경원.김경민.안성봉.송수영.윤재인.한사명.전운종.양말복.김비비.김그림.박윤호.김현.박기륭.이정민.윤우중.정원형.장원형.송유현.조은유.임새라.주부진.손희순.남정희.김남순.권범택.원근희.손영희.김정현.이다영.박중금.양현진.박소영.조혜선.경규민.이다인.장정우.이경민.김규희.박보은.이하영.서은솔.송지우.양희원.김하연.김태연.박시윤.윤성우.진현광.배은우.최찬호.설창희.변상윤.박영빈.유은조.김경로.오석철.고민지.최정현.배진호.이윤상.유정호.노수산나.김기천.이가경.남윤서.정지훈.연제이.한세라.이앨리.박수아.나승현.권혜진.추경원.이언정.김도희.김서영.김흥래.김흥래.조한준.김태희.이형원.윤상돈.이옥희.김용각.김향배.손지영.염재민.이종현
20183813,결백, .신혜선.배종옥.허준호.태항호.홍경.고창석.박철민.김수현.차순배.정인겸.최홍일.김중희.한이진.김도윤.신철진.김정팔.하성광.김현아.주석제.윤가현.한철우.곽자형.신현용.신원우.김정현.하윤서.김재철.이동규.숭의열.권혁훈.성규찬.김진욱.성열석.김상욱.고병택.고병택.길창규.정애화.황도윤.조민준.이지우.박시윤.헨니 사비.홍은진.김덕주.이민섭.이민섭.김동현.박성훈.김미준.이소윤.임마리아.노형원.이한종.김지성.신문성.조민정.신혜정.남상우.이원상.한우열.노준표.정한빈.서정원.김예진.조원준.김경태.윤민.이광섭.하승연.이재현.전정일.이상철.허성우.김가은.황재필.노태현.신정식.고경옥.이진희.이솔.방예슬.권지희.정시후.신재영.김정.노영애.오영욱.이장숙.홍현종.정세영.정승균.정승균.황영수.김지한.고재운.김석훈.박성근.배해선.박진영.김영재.원우
,, 
,, 
20196270,싱크홀, .차승원.김성균.이광수.권소현.김혜준.김재화.박옥출.남다름.정영숙.이학주.한태린.김건우.오자훈.나철.김병철.전승재.김경환.박민준.나현민.윤돈선.정서인.정윤하.이두열.어성욱.김태훈.김준혁.장영.이건구.정용락.유현.안용우.윤기현.조제웅.이창윤.정용태.이상욱.안성봉.김동현.김왕도.오재세.박민지.황여진.김명희.이순화.이주미.송경아.전은미.권정숙.이경태.최지명.권오철.최민혁.김귀례.정우근.장광.김홍파.고창석
20192194,인질, .황정민.김재범.이유미.류경수.정재원.이규원.이호정.조경현.신현종.백주희.한규원.지남혁.류성현.김재철.임형태.강덕중.김주희.임철수.윤상화.김정민.이형길.김보경.한성관.허남준.김필.최현도.최원.정근.이용재.우원규.이문석.고민지.이상근.이창인.정병두.한영균.윤홍빈.장세원.오재세.최필상.강민재.조호천.안구희.우광제.정상균.한훈.김시원.김진솔.은정완.오주환.장원경.노은하.정준현.신재영.강충훈.김형기.박지윤.박혜영.전혜원.박성웅.박경림.류승범.유해진.이성민.전도연.주지훈
20190815,보이스, .변요한.김무열.김희원.박명훈.이주영.조재윤.이규성.이운산.옥자연.윤종석.성도현.조현식.윤병희.김가영.홍경.문동혁.라민.류성현.윤슬.홍승일.윤대열.윤영균.조준.윤봉길.강득종.양지수.김장원.윤정로.이지현.김민식.이강녕.유정호.조용근.김상묵.김희상.고윤안.안진영.박찬국.주명철.유영섭.이근후.이동용.최재훈.박지훈.노재훈.이병희.서덕인.정영기.김건.정현주.임요한.김연교.백우영.박지영.정현재.박진아.김태향.심소영.박광재.남태우.이성민.신동훈.문정대.김근영.최홍락.원진호.곽기훈.이시후.이정섭.황재하.이영희.정혜경.안진영.김완수.최지연.지한별.서지호.김현수.원진아.최병모.손종학.민성욱.손병호.기주봉.차순배.박진수
20192696,발신제한, .조우진.이재인.진경.김지호.지창욱.류승수.김태율.전석호.정애연.이설.정인기.남명렬.박영서.조인우.이주한.최유송.전광진.김봉만.배천수.김성수
20196264,유체이탈자, .윤계상.박용우.임지연.박지환.유승목.이성욱.홍기준.서현우.이운산.주진모.김민경.차혜림.정윤하.곽진석.김차이.김영성.천영암.박광재.권혁범.우강민.이홍내.김윤배.이호연.유성주.박유밀.윤기창.윤대열.현봉식.박인규.황재선.김승비.서세흥.백도겸.허동원.조아라.최동구.김현동.손화영.이학렬.황유현.김승필.이태영.김선간.이동민.정우영.신동호.강지구.김경로.김양원.서영재.양재훈.한시원.편한셈.최정현.김기태.소윤호.임동민.최현종.공병준.김선우.김세희.김이슬.고민지.강은수.강소연.배유리.박민정.신가인.임지영.제승현.전민아.전예지.정태인.정일화.최호정.김도준.박상혁.안성봉.오민준.조승범.김혜선.김채영.권세희.백한영.서유림.최수연.한희림.강정훈.김병규.김성엽.김민성.김찬욱.김진솔.박준영.안구희.안시율.이동기.이태연.임현욱.조승원.이하주.한나나.손주아.신보희.주혜지.안스완.이송희.김우유.이다원.채비니.신나라.이윤민.정주섭.임재혁.이서경.조선우.한지훈.오유빈.이하주.오하늬.채정은.심채원.한리나.배광표.김대성.정기호.윤재근.최시형
20200474,기적, .박정민.이성민.임윤아.이수경.김강훈.정문성.김동현.이동용.유순웅.김자영.심순영.박인혜.안태린.고현철.유병선.심소영.조연희.정혜경.유승목.박철민.송재룡.오경화.손성찬.김비비.최종윤.오치운.박선아.배기범.천신남.송경화.김준희.이상철.박찬별.이연선.박소을.최규철.김동철.노은하.고창석.허준석
20205986,연애 빠진 로맨스, .전종서.손석구.공민정.김슬기.배유람.김재화.임성재.임선우.김영옥.김광규.이학주.백재우.손석구.민성욱.고은민.장서경.김형준.장의수.김미화.어성욱.김지훈.박종환.이혜준.황대웅.김봉희.최청자.황복순.박인지.정하진.정준환.채영은.이동현.오은지.노희국.김다영.오상림.박세이.강문봉.남희정.채일.김형남
20191243,장르만 로맨스, .류승룡.오나라.김희원.이유영.성유빈.무진성.오정세.박형수.김귀선.최희진.정수지.김범수.류현경.남태우.이강녕.임성미.김한나.민구경.문정대.곽민규.지웅배.손성찬.서명찬.송지혁.이재열.오우리.박서유.정건영.김시원.정영섭.이두익.정윤하.이한솔.신연우.은상욱.김형균.임효우.김솔비.김진옥.조이찬.박정숙.전은미.이건행.강슬기.박경현.지혜영.진시원.조승범.유아름.김현정.원일.박복만.배유리.이린하.박지율.김도연
20199541,미션 파서블, .김영광.이선빈.오대환.서현철.최병모.김태훈.양범.류주한.줄리엔 강.이상홍.이지훈.박지연.박진수.최태환.노영학.나광훈.신혜정.신기환.박광재.정창현.김승현.한갑수.최종남.이주원.김민주.이필라.고다연.민채연.신재민.유주원.고우서.황상경.진우진.문서준.이도겸.정나연.박세원.김동운.전찬웅.고상현.김승준.전시완.송지민.김원중.김철구.주창욱.신세영.박현선.최민혁.서정훈.금종택.전종석.문광식.김재명.이수봉.이상민.이용희.권오철.이동민.이준.금종택.조민교.문광식.김용훈.이명규.윤민규.노성후.서장석.유인선.김경근.박태연.최용성.서은경.박태후.김월선.김병만.최제헌.김병오.서병덕.정미경.박서진.주재훈.홍현종.편한마음.송현주.김이루.김가은.전보람.김지형.김창현.김홍수.노원석.문성철.방수윤.서정화.안재국.양지연.윤주호.임진주.황정민.홍석천.장원영.김호영.장세아
20193068,비와 당신의 이야기, .강하늘.천우희.이설.이양희.이항나.강영석.고우림.최명빈.원지우.고건한.이윤우.우정원.류혜린.이태영.강영일.박재한.박세현.홍하나임.송영하.우수빈.강후재.조지현.김태순.강이안.이서연.이민영.이은석.이가영.옥주리.유승신.김선민.지혜나.이유정.김민서.고경민.황도윤.강소라.임주환.김성균.황은수.조진모.박진수
20183003,서복, .공유.박보검.조우진.박병은.장영남.김재건.연제욱.김홍파.이언정.나광훈.박지훈.이범훈.성일.김리우.김건.정미남.최희원.김규도.차지원.백도겸.김호진.박지해.윤기창.박상훈.이상경.성도현.선인호.한지현.김채윤.장명길.윤형식.이선주.김용준.윤상훈.정연주.채연정.조연호.윤희철.이은희.조성재.정영섭.박건률.조진걸.박성용.신이준.백인성.권훈.이민우.전은화.양희우.조민국.이요성.이은효.강이안.유진.임재민.진가민.강은수.한명철.이현일.이성용.이지은.최운경.박근완.김관수.김태환.진시원.한지훈.박제혁.조승범.박정숙.유재상.박경용.김상동.김기정.김남규.김선혁.박도영.배건하.한승윤.김계형.김도현
20203286,강릉, .유오성.장혁.박성근.오대환.김준배.이현균.신승환.최기섭.김세준.조현식.송영규.박정학.이채영.한선화.김병춘.배미자.유현수.지찬.전인혁.박재한.우상기.신유람.선율우.우혁.서재필.고윤빈.김누림.이진성.이건구.강나영.문하은.함건수.김민석.홍도성.장민기.박태산.김림후.오윤수.정진우.원필호.하정민.추상민.전희련.이도훈.박민현.유용국.김득겸.남강민.강정우.박준혁.전재홍.박경훈.김동준.이환의.김현빈.정재훈.윤동주.손교성.천석현.김민하.한동훈.박선혜.강성하.고건우.김한.염한성.김정섭.오명훈.김보성.곽장륜.최가인.이지영.한나나.이민영.오영철.공라희.지나경.김진환.유동현.엄태성.오성현.박준호.정현지.연수
20194501,내일의 기억, .김강우.서예지.성혁.박상욱.배유람.김종구.배제기.박봄.공유림.김강훈.김욱.정기섭.안민영.김아람.송경의.최수정.이장유.송창규.김성준.박재한.이상홍.성재현.이태영.김지혜.심상민.염혜란.김주령
