,freq
황정민,23
이경영,23
정인기,18
최정현,18
송영창,17
유해진,16
정만식,16
손성찬,16
하정우,16
오달수,16
곽진석,15
김홍파,15
마동석,15
전배수,15
김종수,15
김태훈,15
윤경호,15
조우진,14
정민성,14
안성봉,14
이준혁,14
조진웅,14
정원중,14
장광,13
김의성,13
김기천,13
박철민,13
조덕제,13
고창석,12
김원해,12
이장유,12
주석태,12
김윤석,12
서현우,12
박정민,12
장영남,12
김태준,12
이성민,12
한이진,12
김소진,12
유정호,12
김병옥,12
유승목,12
김대현,12
손종학,11
배성우,11
강덕중,11
김서원,11
김승훈,11
박윤호,11
이정민,11
오대환,11
이승훈,11
이병헌,11
라미란,11
유재명,11
김근영,11
박성근,11
권태원,11
강신철,11
조재윤,11
박성웅,11
강동원,10
이정은,10
이동진,10
곽도원,10
김해숙,10
서문호,10
정종열,10
장준녕,10
오정세,10
신유람,10
곽자형,10
이정재,10
신정근,10
이미도,10
임용순,10
정우성,10
류성현,10
권범택,10
송강호,10
오희준,10
성유빈,10
이주원,9
권지훈,9
성동일,9
김동욱,9
박진우,9
정진영,9
이가경,9
차순배,9
현봉식,9
이동휘,9
최희진,9
이육헌,9
이상민,9
박지환,9
김응수,9
전국환,9
최현종,9
김강일,9
류승룡,9
이승준,9
허성태,9
진선규,8
박명신,8
우상기,8
홍기준,8
배유람,8
이정현,8
임현성,8
손병욱,8
최진호,8
최종률,8
이세랑,8
김성균,8
박지연,8
설창희,8
김인우,8
최병모,8
고준,8
김대명,8
염혜란,8
박지훈,8
김규백,8
김기태,8
최덕문,8
김수현,8
이한위,8
예수정,8
김강현,8
박수영,8
김태환,8
양지수,8
엄지만,8
한수현,8
이상희,7
최교식,7
김명민,7
김희원,7
김상호,7
이희준,7
천우희,7
손예진,7
김동영,7
염동헌,7
이성욱,7
남명렬,7
남문철,7
안길강,7
강신일,7
오재세,7
하성광,7
이양희,7
김재철,7
홍인,7
백동현,7
이문석,7
안용우,7
정기섭,7
윤제문,7
진경,7
이상협,7
정지훈,7
박태산,7
김인권,7
김지수,7
김지영,7
김민재,7
김재화,7
이주실,7
박진수,7
박재홍,7
주진모,7
이현우,7
한사명,7
김현수,7
오연아,7
한창현,7
고규필,7
장의돈,6
김민석,6
유재상,6
김자영,6
김원영,6
허동원,6
김영웅,6
이태형,6
최민식,6
김동현,6
이윤희,6
박성일,6
이재남,6
홍의정,6
박지영,6
박영서,6
김수진,6
이동용,6
김남길,6
이제훈,6
김건,6
김원진,6
신정섭,6
이하늬,6
박희순,6
원현준,6
이승진,6
정웅인,6
류제승,6
조달환,6
박혜진,6
양도현,6
백승철,6
조한철,6
조영진,6
박효주,6
공정환,6
주지훈,6
문소리,6
박혁민,6
김민상,6
이주영,6
이용녀,6
조정석,6
설경구,6
공유,6
이유진,6
김향기,6
최일화,6
정인겸,6
김무열,6
김길동,6
이동민,6
유연석,6
이진희,6
이재용,6
이성우,6
배해선,6
이봉련,6
이철민,6
강민지,6
박종범,6
백인권,6
박진영,6
허준석,6
장소연,6
지대한,6
박성연,6
금새록,6
차엽,6
노남석,6
민무제,6
김호연,6
이태영,6
박원상,6
이용희,6
이승민,5
추연규,5
한재영,5
이선균,5
하지원,5
황인준,5
김재영,5
이대연,5
지승현,5
김영재,5
유아인,5
박병은,5
조경현,5
박지선,5
백윤식,5
이선희,5
이재우,5
박길수,5
최태환,5
박신혜,5
천보근,5
김한솔,5
강예원,5
정재헌,5
김종구,5
허준호,5
어성욱,5
정윤하,5
조은지,5
이도국,5
한동훈,5
권귀덕,5
김선영,5
조덕현,5
김주혁,5
이상철,5
류준열,5
염석무,5
박지현,5
서정우,5
박서준,5
최욱,5
윤병희,5
최원,5
박혁권,5
리우진,5
박민우,5
엄효섭,5
류승수,5
이화룡,5
최정우,5
김영애,5
이동희,5
이해영,5
이재인,5
옥주리,5
김진옥,5
정병두,5
신희철,5
정재영,5
이서환,5
지웅배,5
정유미,5
이민호,5
정미경,5
양현민,5
이한종,5
김지훈,5
손영순,5
이영수,5
장지건,5
송새벽,5
남진복,5
나문희,5
주보비,5
서지원,5
박해일,5
김수안,5
박지일,5
진구,5
황병국,5
윤대열,5
이채은,5
김도윤,5
오상준,5
최무성,5
김시은,5
김시원,5
조한준,5
정재훈,5
서영주,5
이동훈,5
정우영,5
이정호,5
이정수,5
류현경,5
배진웅,5
안재홍,5
박성훈,5
김성령,5
안성기,5
이은희,5
고두심,4
정영기,4
정대용,4
황영희,4
김광규,4
천호진,4
박인환,4
진용욱,4
박민정,4
차청화,4
박선희,4
류현상,4
김형석,4
승의열,4
조여정,4
류승범,4
권상우,4
김성태,4
임효우,4
천명재,4
이태호,4
전도연,4
조승우,4
조성하,4
이엘,4
홍서백,4
차태현,4
이동현,4
고수,4
김기정,4
김명희,4
정종우,4
이지은,4
윤영균,4
신현빈,4
박형수,4
김지나,4
손경원,4
황재필,4
박보영,4
박혜영,4
선율우,4
김왕도,4
진시원,4
옥자연,4
최유화,4
원진아,4
박지홍,4
윤기창,4
손영진,4
박기륭,4
이은주,4
강은수,4
박준영,4
서호철,4
주창욱,4
김상욱,4
권혁범,4
정은채,4
박상훈,4
김주아,4
김강훈,4
허승,4
이종현,4
박범석,4
장나라,4
최홍락,4
정상균,4
박시윤,4
김성준,4
강기영,4
김연교,4
심소영,4
이운산,4
김미화,4
박성현,4
김지성,4
김정현,4
박광재,4
백승환,4
김원중,4
김현우,4
김대근,4
권훈,4
이지혜,4
김진욱,4
강하늘,4
문광식,4
차지원,4
이상원,4
정희태,4
김지호,4
조현철,4
문정희,4
안민영,4
김비비,4
전국향,4
김명곤,4
김혜수,4
이광기,4
박정환,4
이지훈,4
박보검,4
박지윤,4
정성화,4
박정학,4
김현숙,4
황승언,4
조아라,4
박종환,4
박상현,4
김영훈,4
한지민,4
이연경,4
심은경,4
이다윗,4
전운종,4
박해준,4
정준원,4
홍도성,4
황윤호,4
박소담,4
홍완표,4
고민지,4
남일우,4
이수민,4
김그림,4
이수봉,4
김종태,4
한준우,4
최귀화,4
한지은,4
김슬기,4
김민식,4
김미진,4
김우빈,4
유성주,4
조혜선,4
김태현,4
이재혁,4
이언정,4
기주봉,4
최우식,4
배정남,4
주광현,4
최홍일,4
박지혜,4
유지연,4
이성훈,4
김준영,4
손여은,4
김준배,4
손희순,4
조인성,4
김재훈,4
서영희,4
주영호,4
변상윤,4
박영수,4
김윤성,4
이한솔,4
엄지원,4
오창경,4
김하늘,4
이수정,4
이민기,4
송승현,4
손현주,4
신하균,4
박병렬,4
박예슬,4
차승원,4
엄태웅,4
염정아,4
이무생,4
서동수,4
이범수,4
유하복,4
양말복,3
마이클,3
지현준,3
이도엽,3
백도겸,3
윤종구,3
이윤재,3
김기환,3
고해성,3
전광진,3
윤동주,3
신재민,3
노준표,3
이람,3
안서현,3
조민준,3
윤여정,3
김동규,3
정호빈,3
김민주,3
김유진,3
권해효,3
박기만,3
손병호,3
황석정,3
김미경,3
김서영,3
김지원,3
정혜경,3
김동민,3
채성원,3
이항나,3
김다영,3
심희섭,3
서정주,3
허명행,3
주부진,3
도경수,3
조유신,3
이민영,3
엄정화,3
한철우,3
정재광,3
정석용,3
윤준호,3
박주현,3
김서현,3
김용우,3
손강국,3
김현정,3
권귀빈,3
성도현,3
한대룡,3
남경민,3
김남순,3
이화정,3
박재한,3
이선주,3
이수빈,3
정택호,3
조성희,3
조명행,3
박성용,3
정재민,3
신나리,3
박준호,3
이석,3
김승필,3
성지루,3
신나라,3
정혜원,3
박현선,3
김정훈,3
김윤진,3
성혁,3
이민웅,3
박찬영,3
김탁호,3
한동욱,3
김규리,3
안현빈,3
민성욱,3
유오성,3
고아성,3
문정대,3
김용호,3
최다니엘,3
이민정,3
김송일,3
김윤태,3
신성일,3
이하영,3
한예리,3
한석규,3
노재훈,3
이춘연,3
이명규,3
전혜진,3
이상진,3
현정애,3
천재홍,3
박세준,3
권병길,3
오만석,3
박성준,3
김평조,3
이건구,3
김봉수,3
조영규,3
이현일,3
구교환,3
남정희,3
송재호,3
정태야,3
배진호,3
김병철,3
김정태,3
여윤호,3
장성범,3
김하나,3
이낙준,3
김학충,3
박인수,3
이건우,3
조용진,3
박은영,3
이유준,3
김지한,3
조희봉,3
문동혁,3
이채영,3
남승화,3
김경희,3
김미지,3
오나라,3
이언수,3
이동준,3
이승주,3
이은정,3
이수광,3
신동훈,3
정연주,3
최준혁,3
조상건,3
이얼,3
장혁,3
임정빈,3
백익남,3
김경덕,3
유지태,3
김해나,3
한지훈,3
도지한,3
고재운,3
이정훈,3
홍현종,3
이진성,3
이민혁,3
김희상,3
최민혁,3
지찬,3
전지현,3
이시영,3
한효주,3
윤정희,3
신동호,3
안진영,3
김규도,3
이다영,3
장재욱,3
우현,3
강규영,3
김예원,3
정민규,3
이지향,3
한기중,3
김태한,3
이정철,3
김보미,3
노은하,3
전종석,3
김영옥,3
강소라,3
문영동,3
강지현,3
이선빈,3
박진주,3
윤재인,3
김도영,3
이재영,3
김민준,3
이승찬,3
이동규,3
김경로,3
김흥래,3
송하윤,3
차래형,3
남보라,3
김형기,3
유수빈,3
임철수,3
나철,3
임효진,3
배유리,3
박준서,3
송하균,3
정세형,3
이상현,3
이민수,3
천영암,3
서병덕,3
박진아,3
한성수,3
오진석,3
김성규,3
박경관,3
김민종,3
김시후,3
수애,3
윤계상,3
김새벽,3
조혜인,3
김병춘,3
김준한,3
류혜린,3
정아미,3
황인성,3
최희열,3
임윤아,3
김현중,3
차은재,3
김정우,3
김고은,3
현우,3
윤대원,3
이은채,3
안구희,3
김기범,3
박명훈,3
김통령,3
서영재,3
김민지,3
현빈,3
이동욱,3
유순웅,3
신재영,3
강영묵,3
서명찬,3
이인규,3
김성종,3
공민정,3
박근록,3
김명수,3
김가은,3
임세운,3
김지민,3
임주환,3
이진욱,3
오하늬,3
정도원,3
송영규,3
임성재,3
김성오,3
박도영,3
김정원,3
조승범,3
전우재,3
이왕수,3
우광제,3
한명환,3
김도연,3
김찬욱,3
송훈,3
조성재,3
이상경,3
나경철,3
김래원,3
신혜정,3
이현욱,3
김영조,3
최광락,3
김시아,3
김보경,3
박세정,3
이한울,3
김태희,3
박상민,3
박준혁,3
조현식,3
최우리,3
이대현,3
김정섭,3
전수지,3
최제헌,3
장한승,3
신지수,3
박정숙,3
홍성덕,3
정일화,3
홍광석,3
최은영,3
김선웅,3
박갑진,3
박상혁,3
강충훈,3
황우슬혜,3
정준호,3
이상훈,3
김영민,3
고수희,3
박윤희,3
강구현,3
강민재,3
조운,3
최재훈,3
전미선,3
최민철,3
이창훈,3
최승현,3
김하연,3
백승익,3
안성진,3
김재현,3
민진웅,3
배용근,3
김태율,3
장의수,3
김규남,3
유준상,3
송중기,3
신혜선,3
김윤도,3
안내상,3
김시우,3
권혁성,3
백승호,2
최동헌,2
이재원,2
이창세,2
김화목,2
오석규,2
최지명,2
전건익,2
박영준,2
배수지,2
김태향,2
김승찬,2
김승배,2
신예진,2
정재원,2
김지우,2
이동하,2
이나연,2
신하준,2
임재혁,2
소지섭,2
조동혁,2
조대희,2
김용준,2
천지유,2
명인호,2
권소현,2
정혜은,2
이찬희,2
권반석,2
하준,2
박광설,2
박지민,2
정경호,2
김상훈,2
전보람,2
이성호,2
박영빈,2
조수향,2
윤지온,2
금종택,2
김중기,2
박시연,2
임원희,2
이인철,2
박복만,2
한혜진,2
김은지,2
박재영,2
이지원,2
이현걸,2
표예리,2
김범,2
김병오,2
김영필,2
김지석,2
이동기,2
김성철,2
우강민,2
조완기,2
유현수,2
전상원,2
박경근,2
박지은,2
이레,2
박시영,2
이정건,2
최성원,2
신문성,2
김승욱,2
최용민,2
박지수,2
김동철,2
황인범,2
박세현,2
설현,2
서은지,2
한승윤,2
정원,2
정태인,2
준,2
신경철,2
박현우,2
유태오,2
송요셉,2
류경수,2
장혜리,2
송지효,2
박종희,2
오진호,2
고현철,2
우수빈,2
김진우,2
한규석,2
김금순,2
신현탁,2
조석인,2
조민국,2
최지연,2
조상원,2
박재현,2
한갑수,2
정윤헌,2
이덕건,2
황미영,2
차인표,2
이호정,2
한윤식,2
최지민,2
이효제,2
최광원,2
조윤주,2
박지아,2
서예지,2
양지혜,2
김남준,2
이상하,2
이해운,2
이재웅,2
서정연,2
강전영,2
정다은,2
변동욱,2
한도진,2
김한,2
최정연,2
서현철,2
신수정,2
양현진,2
이강곤,2
안정우,2
탁트인,2
김율호,2
이용재,2
강문봉,2
김호준,2
장현석,2
김중희,2
지동주,2
정선아,2
공민규,2
임승묵,2
배제기,2
이확광,2
이일화,2
권혁,2
이호연,2
노민우,2
김용림,2
최기상,2
송병철,2
윤석진,2
권율,2
양진석,2
이하준,2
임달화,2
고재원,2
오승현,2
이창섭,2
노성후,2
김우진,2
허정도,2
김기석,2
오세영,2
이규성,2
박소은,2
변우석,2
이학렬,2
김정호,2
김영선,2
김아중,2
김정석,2
김예은,2
정우,2
신민철,2
이필라,2
최시형,2
정우근,2
장원형,2
이수진,2
허성우,2
문성렬,2
이태검,2
윤돈선,2
허진,2
최용훈,2
남상우,2
박해수,2
강이안,2
조현도,2
정소리,2
임지연,2
이성제,2
이준,2
박용,2
권성영,2
김승현,2
고나영,2
장지웅,2
김단비,2
정서인,2
변요한,2
백주희,2
박주미,2
김범수,2
윤지혜,2
김정희,2
박혜숙,2
김운,2
한시원,2
소윤호,2
박민혁,2
임동민,2
하재열,2
이경훈,2
유성재,2
김선하,2
김동희,2
이주희,2
손지훈,2
노수산나,2
김혜윤,2
강태수,2
이윤상,2
이준호,2
손민석,2
정의욱,2
이상용,2
이규호,2
박수찬,2
우도환,2
황성준,2
고우림,2
김기현,2
송유현,2
문정수,2
최상재,2
이은석,2
정수용,2
박소이,2
유순철,2
서성광,2
오명훈,2
박소리,2
박찬희,2
황창기,2
정순태,2
최희도,2
양재훈,2
김동원,2
이정인,2
김경화,2
전여빈,2
김준형,2
박선용,2
이소영,2
박소윤,2
서현석,2
이수련,2
김영,2
곽순우,2
김희진,2
이이경,2
엄태구,2
오경민,2
원진호,2
육효명,2
윤용석,2
신성록,2
정윤선,2
김경룡,2
이진한,2
임서영,2
전희련,2
이한,2
김정승,2
이나라,2
이연우,2
크리스틴,2
김성호,2
김희수,2
김혜준,2
선우,2
이지민,2
정건영,2
이성준,2
오지혜,2
김민희,2
조윤희,2
김동준,2
윤성민,2
오형근,2
양영일,2
장근영,2
이성용,2
연제이,2
이종성,2
김태수,2
오자훈,2
김해곤,2
김진환,2
김현빈,2
신연우,2
박수진,2
손산,2
이원희,2
이봉규,2
김미래,2
신동미,2
김경태,2
조복래,2
곽시양,2
정경현,2
전석호,2
장규미,2
표성수,2
이영아,2
서강준,2
임영우,2
김학선,2
정세미,2
박주운,2
정승욱,2
김철준,2
박규범,2
이수경,2
우원규,2
유용국,2
이은샘,2
도현,2
한상균,2
허지원,2
김세정,2
차민지,2
장지민,2
천준호,2
김세희,2
주명철,2
곽민호,2
윤정로,2
류수영,2
신기원,2
조지현,2
강나영,2
박지해,2
문숙,2
송철호,2
정성일,2
조재완,2
강민,2
곽수정,2
이경재,2
송재룡,2
최지혜,2
성병숙,2
홍승철,2
이규형,2
김태우,2
정동근,2
선인호,2
이승용,2
권해성,2
이완,2
김영철,2
이종석,2
이용출,2
정무성,2
권유준,2
이건문,2
조은성,2
김재명,2
김민성,2
김찬이,2
이승현,2
배민준,2
서병철,2
김승태,2
강소연,2
심소연,2
김호진,2
서정훈,2
이채현,2
최리,2
김가영,2
원우,2
김현진,2
손숙,2
김나현,2
원근희,2
김종언,2
이상호,2
송민수,2
윤진영,2
노승범,2
정윤철,2
성정훈,2
김상중,2
지혜영,2
오문강,2
신정원,2
이유미,2
백현주,2
김학준,2
김진혁,2
오재윤,2
이재현,2
장래군,2
이강녕,2
박중훈,2
박소현,2
이은성,2
김현,2
김한나,2
박경찬,2
최정인,2
오현근,2
박민희,2
김우영,2
나승현,2
김홍식,2
이청아,2
김지선,2
고병택,2
서대현,2
김태형,2
백현진,2
윤다경,2
김진솔,2
이승우,2
오혜원,2
이미소,2
윤서진,2
전신환,2
임재민,2
김대경,2
홍경,2
김양원,2
정구영,2
안소희,2
김진구,2
김범석,2
정영섭,2
양정두,2
강민규,2
홍대성,2
김용석,2
김영진,2
이유비,2
김형묵,2
김성수,2
정가람,2
남태우,2
조민기,2
김준원,2
김누리,2
김선우,2
권영국,2
선우선,2
김이슬,2
료헤이,2
조화성,2
강신하,2
이상홍,2
김재록,2
강지원,2
김민영,2
오태경,2
오현석,2
민효린,2
윤영우,2
김홍수,2
오타니,2
백효성,2
배은우,2
김수연,2
이미경,2
박재완,2
조현수,2
이형훈,2
류아벨,2
최경원,2
박유리,2
박상욱,2
이광연,2
최원영,2
류수경,2
김지혜,2
이희경,2
이창석,2
손지영,2
한희림,2
김종호,2
염재민,2
박기웅,2
박노식,2
변희봉,2
이성두,2
황도윤,2
제승현,2
이한결,2
이학주,2
맥기니스,2
김성우,2
강필선,2
류제윤,2
황유현,2
위지웅,2
홍범기,2
강동균,2
김영아,2
김민교,2
장현정,2
박은혜,2
홍진기,2
임수정,2
문원주,2
고한민,2
홍희자,2
백경윤,2
박성택,2
정미남,2
윤태수,2
김연,2
데이비드,2
박현수,2
심철민,2
김영우,2
김관수,2
김태윤,2
김득겸,2
문재원,2
손우진,2
박훈,2
배성민,2
김혜성,2
최민석,2
김승우,2
공효진,2
김세한,2
윤상훈,2
이순화,2
동윤석,2
유선,2
정유민,2
박민규,2
박지희,2
이중옥,2
고봉구,2
권태호,2
정승균,2
송지인,2
박정수,2
원일,2
오민준,2
이은지,2
신현종,2
한성희,2
한재덕,2
강유미,2
고민시,2
박미숙,2
권혁일,2
김철윤,2
장격수,2
이광수,2
최우성,2
조제웅,2
연영식,2
이민섭,2
위민국,2
정한빈,2
정광희,2
진근호,2
홍은진,2
장명갑,2
조셉,2
임유란,2
조주한,2
윤정빈,2
김성주,2
김준수,2
민소연,2
박준면,2
강준석,2
김해용,2
백현익,2
김용건,2
손석구,2
김영광,2
김수영,2
심상민,2
김선간,2
전은미,2
지성은,2
최현아,2
김양성,2
권오철,2
김윤배,2
이승연,2
박정표,2
김승완,2
조민수,2
김한준,2
이경태,2
최민서,2
임정민,2
박용우,2
신신애,2
강내균,2
이형길,2
서민경,2
이정선,2
임하룡,2
박경혜,2
정재은,2
박지후,2
이은영,2
박진성,2
한성관,2
최서현,2
유승희,2
김광현,2
박현준,2
이도현,2
임형준,2
김보성,2
김현동,2
오누리,2
허재호,2
김옥빈,2
이금용,2
구용완,2
민대웅,2
전영미,2
신치영,2
이태진,2
전승재,2
강재은,2
오일용,2
이보영,2
박주홍,2
이새별,2
신철진,2
김철구,2
장원영,2
이우주,2
김결,2
박재우,2
송원수,2
곽민규,2
유승호,2
최영도,2
임성미,2
이하주,2
한나나,2
신영진,2
최은석,2
정원창,2
박충선,2
김사희,2
유다인,2
손인용,2
우지현,2
최재원,2
유원선,2
황연희,2
김준희,2
유하준,2
원빈,2
김도현,2
최지호,2
김형진,2
오지호,2
최재영,2
손현준,2
조예린,2
전혜원,2
김봉만,2
박재민,2
지창욱,2
장동건,2
김수미,2
안세호,2
손석배,2
김형범,2
이주미,2
이건희,2
박주희,2
권현상,2
이원찬,2
박중금,2
배명진,2
임형국,2
유인선,2
한대훈,2
김이현,2
차시원,2
유병선,2
김향배,2
이준우,2
임정환,2
최지원,2
이설,2
한명철,2
한아름,2
이서율,2
김혜진,2
김시운,2
김용각,2
서왕석,2
김명준,2
양명헌,2
김도엽,2
김욱,2
강별,2
나광훈,2
김훈만,2
이옥희,2
김C,2
한승현,2
윤서정,2
이시후,2
지남혁,2
허지나,2
한상철,2
권은수,2
이진혁,2
김기방,2
김세윤,2
이승창,2
이상욱,2
김형균,2
허철주,2
박현주,2
김혜련,2
강희중,2
이승환,2
박서진,2
백성기,2
최강희,2
송필근,1
김철무,1
임수지,1
윤해빈,1
이영호,1
이새로미,1
노영주,1
키타무라,1
남상지,1
카즈키,1
이다일,1
안태준,1
최윤빈,1
최수정,1
이호철,1
박주환,1
정진혁,1
장태영,1
박원준,1
정새다솜,1
홍민성,1
정임섭,1
김세준,1
이용탁,1
김원목,1
박영복,1
구준우,1
채승혜,1
차우진,1
진가민,1
안지은,1
민지안,1
김길범,1
김한빛,1
정윤지,1
한창민,1
성재현,1
김대곤,1
박재랑,1
정현지,1
신승환,1
차준서,1
정해인,1
박예나,1
이재국,1
노상현,1
한수용,1
박도하,1
박원석,1
박현욱,1
채동현,1
김대건,1
최기섭,1
한성호,1
전병덕,1
오승훈,1
최광일,1
이채원,1
코타로,1
이학광,1
송형수,1
선승수,1
오성현,1
이현하,1
연수,1
이케우치,1
이호근,1
슈기,1
유상재,1
이현균,1
히로유키,1
지원호,1
김하라,1
조재영,1
방은정,1
다이고,1
천대만,1
노종면,1
윤준열,1
최성은,1
송부건,1
박인영,1
김강우,1
김문식,1
임수아,1
차해리,1
강경수,1
염상훈,1
송경의,1
정현규,1
지화섭,1
송예진,1
강규현,1
배현성,1
정미란,1
김아람,1
홍나현,1
이재한,1
김연철,1
유은미,1
한예성,1
임무빈,1
신민재,1
김선혁,1
송창규,1
홍지아,1
김태은,1
허형규,1
조영복,1
박근완,1
김남훈,1
장재희,1
김효준,1
김성혁,1
박제혁,1
유하성,1
박경용,1
송지호,1
김동효,1
서석규,1
김상동,1
박준희,1
김남규,1
양대혁,1
구민혁,1
송규용,1
권수진,1
임윤비,1
최정원,1
오지영,1
차중원,1
허철,1
윤슬기,1
조수빈,1
전진기,1
한서율,1
유용희,1
윤준상,1
이두원,1
정운,1
변건우,1
장용희,1
김계형,1
최운경,1
김동빈,1
나경진,1
김영경,1
이강우,1
장서우,1
조성운,1
김진문,1
우진혁,1
반혜라,1
민병욱,1
박채익,1
조승구,1
한승효,1
박윤미,1
임지형,1
김경수,1
황효은,1
남성준,1
오동민,1
오규택,1
이종원,1
지일주,1
배건하,1
주민경,1
손우현,1
정혜린,1
공유림,1
전경석,1
민서희,1
김해정,1
황지현,1
박봄,1
김서윤,1
엄태성,1
김보람,1
강윤혜,1
박민현,1
이대광,1
김경준,1
박근영,1
신현승,1
김효영,1
박민한,1
안영석,1
김산성,1
이지운,1
추상민,1
봉신주,1
김춘기,1
최선영,1
박병선,1
이소진,1
황보정일,1
하정민,1
원필호,1
황두하,1
이정우,1
신영선,1
김문학,1
백승민,1
방재호,1
천문정,1
문순주,1
김윤홍,1
최효상,1
박보경,1
최지희,1
윤수하,1
조혜빈,1
나호원,1
공성하,1
곽최산,1
배경민,1
양한석,1
백수진,1
배현경,1
정진우,1
원근수,1
김희창,1
문경민,1
조승국,1
석영오,1
한지아,1
류태호,1
우상전,1
김우림,1
전익령,1
한정현,1
이재윤,1
곽장륜,1
박효준,1
이순혁,1
민경수,1
함건수,1
손진환,1
장민기,1
오윤수,1
최현욱,1
김림후,1
고건우,1
서영민,1
김지웅,1
윤현주,1
강승호,1
김창옥,1
강민태,1
강수빈,1
강영택,1
권다미,1
권정우,1
설지윤,1
이도군,1
염한성,1
강성하,1
박선혜,1
박재형,1
김국희,1
윤사봉,1
정상호,1
강도연,1
손규원,1
신태양,1
장석권,1
박경훈,1
김선미,1
김시온,1
이음,1
윤지용,1
신용호,1
조백한,1
이환의,1
오해주,1
오일영,1
정지성,1
정준,1
조태호,1
전재홍,1
곽정길,1
이한성,1
김선동,1
강정우,1
강애심,1
김정영,1
정은정,1
류아영,1
기소유,1
김주연,1
이나윤,1
유준후,1
김시혜,1
박숙명,1
원춘규,1
나예성,1
노현석,1
우도임,1
이재학,1
손교성,1
김선혜,1
이성빈,1
김정봉,1
배준모,1
주원,1
이도훈,1
양해길,1
김왕용,1
박금철,1
천석현,1
윤토왕,1
주인영,1
김민하,1
전민준,1
김남진,1
최수빈,1
남상기,1
여경준,1
구재연,1
김창희,1
김여름,1
정태성,1
박국진,1
허태경,1
권지숙,1
고건호,1
김철진,1
김영표,1
손현민,1
송윤,1
임시우,1
박성우,1
강범석,1
정유선,1
백종민,1
민태율,1
전두식,1
이관훈,1
이경욱,1
김민아,1
강신형,1
강신구,1
이수호,1
유지수,1
전동현,1
장기용,1
윤선혜,1
윤육,1
고재경,1
공라희,1
홍상표,1
장영주,1
지나경,1
변진수,1
손영민,1
고한수,1
오영철,1
이예지,1
구효길,1
이연빈,1
백승인,1
주동희,1
김리승,1
김길중,1
남강민,1
동현배,1
구본진,1
곽예준,1
맹나현,1
서재필,1
성승주,1
우혁,1
최영우,1
이지연,1
허인범,1
이윤경,1
김태빈,1
어주선,1
이이슬,1
김병국,1
유경훈,1
박광진,1
김철민,1
백경록,1
윤채연,1
김진호,1
김두현,1
배미자,1
한선화,1
박지열,1
박준성,1
오상무,1
오상윤,1
장훈,1
오승호,1
허인구,1
조정원,1
주보라,1
김하영,1
김현철,1
장세용,1
김성강,1
김현민,1
윤선용,1
정세아,1
전인혁,1
김윤영,1
김윤오,1
명재환,1
유동현,1
임동욱,1
허철영,1
김운송,1
전시현,1
성주원,1
임세미,1
한주완,1
임천석,1
우지이,1
전중용,1
강우신,1
전영인,1
장인수,1
손민호,1
이웅빈,1
홍석찬,1
임교은,1
박야성,1
박용복,1
장선정,1
서정식,1
백명재,1
염미선,1
홍민수,1
한태양,1
황태인,1
정여루,1
한국인,1
백종승,1
신기록,1
이재은,1
안민하,1
이성일,1
장병수,1
원풍연,1
박은보,1
이유선,1
최현경,1
박승준,1
최가인,1
조영동,1
권욱락,1
서아라,1
강이나,1
지명근,1
노시홍,1
유명훈,1
김누림,1
천세라,1
원진,1
최별하,1
최예록,1
박아정,1
문동식,1
남동명,1
고윤빈,1
조원빈,1
환현규,1
민상우,1
이권식,1
신한울,1
정재우,1
채장열,1
백정우,1
이지영,1
추판호,1
배재완,1
추국현,1
주제희,1
김일석,1
안문주,1
황혜진,1
현명석,1
문하은,1
노현욱,1
구혜연,1
정형석,1
이광식,1
고인배,1
송수영,1
김수호,1
김도아,1
강병욱,1
윤소담,1
류주한,1
양범,1
허율,1
박영규,1
장승조,1
오재균,1
조민경,1
김경민,1
윤우중,1
줄리엔,1
박지율,1
이린하,1
정원형,1
조은유,1
임새라,1
손영희,1
박소영,1
경규민,1
이다인,1
장정우,1
이경민,1
김규희,1
조은혜,1
나종기,1
서은솔,1
류대식,1
진모,1
강민순,1
배소영,1
이유안,1
배진아,1
김대우,1
곽민석,1
노승윤,1
전현숙,1
김인숙,1
김민체,1
고봉주,1
노영학,1
유준혁,1
이명로,1
우연화,1
배기림,1
홍기주,1
강,1
오시은,1
민채은,1
김태린,1
우시헌,1
이태준,1
김태응,1
김미라,1
박보은,1
유아름,1
송치훈,1
정애화,1
박서유,1
신원우,1
오우리,1
이재열,1
하윤서,1
송지혁,1
민구경,1
숭의열,1
권혁훈,1
성규찬,1
성열석,1
길창규,1
정수지,1
윤가현,1
이지우,1
헨니,1
김귀선,1
무진성,1
이유영,1
김형남,1
사비니지,1
김덕주,1
김미준,1
이소윤,1
임마리아,1
노형원,1
신현용,1
주석제,1
박경현,1
김솔비,1
강슬기,1
송지우,1
양희원,1
김태연,1
윤성우,1
진현광,1
최찬호,1
유은조,1
오석철,1
이건행,1
조이찬,1
남윤서,1
은상욱,1
김현아,1
한세라,1
이앨리,1
박수아,1
권혜진,1
추경원,1
김도희,1
이두익,1
이형원,1
윤상돈,1
배종옥,1
태항호,1
김정팔,1
김한종,1
이시원,1
김곤,1
조윤지,1
고상현,1
양나영,1
주민찬,1
우미화,1
전찬웅,1
전진오,1
강숙,1
김동운,1
이애린,1
홍승균,1
한동호,1
박세원,1
정나연,1
윤세아,1
유이준,1
안재현,1
신지우,1
정용실,1
박재범,1
정소용,1
이동원,1
이하늘,1
이대겸,1
이도겸,1
김광태,1
양찬주,1
김나윤,1
온주완,1
신현아,1
고태관,1
전지호,1
문장택,1
이용기,1
인승주,1
김영욱,1
이상직,1
윤정도,1
송지민,1
전시완,1
김상우,1
송승표,1
신민규,1
박종훈,1
장동주,1
허인홍,1
경성현,1
최현채,1
유현주,1
김규민,1
강태식,1
박소라,1
이솜,1
박혜수,1
김예지,1
한재이,1
김승준,1
이은율,1
김혜주,1
전수경,1
유현정,1
고우서,1
유주원,1
민채연,1
고다연,1
류승무,1
문규민,1
최종남,1
안흥성,1
정창현,1
신은영,1
강수호,1
김한상,1
이종철,1
진우진,1
김남욱,1
신기환,1
안진현,1
박윤영,1
이규현,1
류인아,1
김정문,1
이상윤,1
정수빈,1
김법래,1
유수정,1
김혜은,1
황상경,1
이현송,1
성현미,1
이제용,1
노덕이,1
이옥봉,1
강종성,1
장건범,1
남정현,1
김양희,1
박소연,1
이덕재,1
김가윤,1
노을,1
박정윤,1
이윤석,1
한유리,1
한준용,1
김보라,1
나인석,1
문서준,1
박승민,1
방선혜,1
신창욱,1
안현석,1
양예원,1
이건민,1
이정구,1
전하림,1
정열,1
조민정,1
채일,1
이원상,1
정현재,1
박찬국,1
유영섭,1
이근후,1
이병희,1
서덕인,1
천신남,1
배기범,1
박선아,1
정현주,1
오치운,1
임요한,1
백우영,1
곽기훈,1
김상묵,1
최종윤,1
오경화,1
이정섭,1
황재하,1
이영희,1
김완수,1
지한별,1
서지호,1
정애연,1
조인우,1
조연희,1
이주한,1
고윤안,1
조용근,1
박인혜,1
정준현,1
이상근,1
이창인,1
한영균,1
윤홍빈,1
최규철,1
장세원,1
최필상,1
조호천,1
한훈,1
은정완,1
오주환,1
장원경,1
박경림,1
송경화,1
윤종석,1
라민,1
윤슬,1
홍승일,1
조준,1
박소을,1
윤봉길,1
강득종,1
김장원,1
이지현,1
이연선,1
박찬별,1
안태린,1
최유송,1
한우열,1
이태연,1
김채영,1
권세희,1
백한영,1
서유림,1
최수연,1
강정훈,1
김병규,1
채정은,1
오유빈,1
김성엽,1
안시율,1
조선우,1
임현욱,1
김도준,1
이서경,1
조승원,1
손주아,1
신보희,1
주혜지,1
안스완,1
정주섭,1
이윤민,1
채비니,1
이송희,1
이다원,1
김우유,1
김혜선,1
최호정,1
배천수,1
윤재근,1
김민경,1
차혜림,1
김차이,1
김영성,1
이홍내,1
박유밀,1
박인규,1
황재선,1
김승비,1
서세흥,1
심순영,1
정문성,1
정기호,1
심채원,1
최동구,1
손화영,1
강지구,1
편한셈,1
김대성,1
공병준,1
신가인,1
임지영,1
전민아,1
배광표,1
전예지,1
한리나,1
정근,1
최현도,1
김필,1
김진만,1
임호준,1
엄태옥,1
박인지,1
성승택,1
김나래,1
박예림,1
구인정,1
황복순,1
정도영,1
최청자,1
김봉희,1
황대웅,1
이혜준,1
김석훈,1
김대한,1
황현,1
김형준,1
황인보,1
김정한,1
강성호,1
홍택근,1
오기환,1
정선우,1
장서경,1
김현임,1
이요섭,1
이이담,1
황영수,1
허남준,1
전정일,1
서정원,1
김예진,1
조원준,1
윤민,1
남희정,1
박세이,1
이광섭,1
오상림,1
노희국,1
하승연,1
오은지,1
채영은,1
노태현,1
정하진,1
신정식,1
정준환,1
고경옥,1
이솔,1
방예슬,1
권지희,1
정시후,1
김정,1
노영애,1
오영욱,1
이장숙,1
정세영,1
정대웅,1
김정남,1
유인혜,1
정용태,1
김건우,1
김경환,1
박민준,1
임선우,1
나현민,1
이두열,1
김준혁,1
장영,1
정용락,1
유현,1
윤기현,1
이창윤,1
박민지,1
정지영,1
황여진,1
송경아,1
권정숙,1
김귀례,1
김재범,1
이규원,1
한규원,1
임형태,1
김주희,1
전종서,1
윤상화,1
김정민,1
한태린,1
정영숙,1
남다름,1
백재우,1
김희주,1
오혜림,1
박세라,1
이예린,1
최경훈,1
김동화,1
장지후,1
강승수,1
임희라,1
남태규,1
배정환,1
이성환,1
태상호,1
김도훈,1
김동식,1
고은민,1
김원준,1
최정욱,1
김서희,1
이종진,1
최유정,1
박정,1
이금빈,1
조순연,1
박옥출,1
김도빈,1
이원,1
조혜경,1
연제욱,1
장영애,1
조한아름,1
이건창,1
한다경,1
김유나,1
이재진,1
장희욱,1
정미형,1
조혜주,1
김명선,1
최우준,1
이범훈,1
김재건,1
이준구,1
조진모,1
김낙균,1
이영용,1
장은채,1
정문용,1
황은수,1
제리,1
렉터,1
고경민,1
유대식,1
구윤회,1
김동환,1
정한호,1
허다정,1
이충훈,1
유선이,1
손병우,1
김찬빈,1
한유한,1
이월진,1
박재만,1
박영래,1
최희원,1
이광석,1
한형주,1
김리우,1
류현주,1
손연서,1
남도현,1
이상우,1
강성철,1
류경인,1
박수미,1
권오준,1
민설애,1
설시연,1
신유진,1
노유림,1
옥영진,1
김소숙,1
성일,1
임현주,1
김병남,1
이병관,1
홍하나임,1
최성식,1
김이연,1
김희,1
이태경,1
황필성,1
장락천,1
이서연,1
박찰리,1
김만호,1
정현옥,1
윤상원,1
성백인,1
배윤민,1
김태순,1
박충환,1
권용덕,1
강후재,1
송영하,1
하길현,1
문바롬,1
이단,1
이태환,1
안재원,1
전아희,1
명승훈,1
김민환,1
김빛나래,1
용재화,1
이가영,1
박하균,1
고동형,1
김민서,1
정원석,1
최희서,1
심영은,1
김성곤,1
최정화,1
권찬민,1
소준일,1
이유정,1
이예원,1
문우진,1
지혜나,1
유동균,1
미석,1
김민송,1
김시호,1
조용환,1
손윤환,1
김세동,1
김선민,1
유승신,1
채우식,1
김원훈,1
최세인,1
조전범,1
이조풍,1
하승협,1
이치민,1
김근우,1
전시아,1
한수호,1
이종호,1
이요성,1
이진영,1
양희우,1
전은화,1
임영혜,1
조정환,1
임채선,1
이민우,1
조형일,1
장원진,1
이종운,1
이은효,1
박근형,1
송윤아,1
이서준,1
권혁준,1
김경훈,1
박재환,1
박주은,1
송우용,1
김소연,1
김수경,1
이준형,1
장효석,1
이예영,1
한담희,1
윤창희,1
박희진,1
김산,1
김동인,1
김서하,1
김선희,1
김진래,1
나연수,1
노진원,1
문성근,1
문정웅,1
박민관,1
박승일,1
박응수,1
배장수,1
이시우,1
백예현,1
백옥균,1
유진,1
선학,1
송동환,1
송현기,1
신동진,1
우상희,1
유광수,1
유민주,1
윤영식,1
천성우,1
김정연,1
정명훈,1
조한나,1
김두은,1
염지영,1
장부익,1
장선아,1
서광재,1
한윤지,1
한재경,1
이슬이,1
정동환,1
윤희철,1
문창길,1
오윤홍,1
조연호,1
김유린,1
이승헌,1
김지후,1
조수지,1
채연정,1
신보경,1
윤형식,1
장명길,1
김채윤,1
이재순,1
배선엽,1
곽영신,1
한지현,1
강우진,1
추귀정,1
손제형,1
배내희,1
박창화,1
백인성,1
신이준,1
곽나현,1
권정은,1
김규인,1
김난영,1
김바비,1
김승윤,1
조복휘,1
김인규,1
조진걸,1
정영록,1
남혜진,1
문승배,1
채치웅,1
윤정환,1
박미정,1
이종익,1
최문익,1
심은정,1
이석환,1
박윤근,1
박은우,1
엄주원,1
박건률,1
민정은,1
현직,1
한재완,1
김이루,1
달튼,1
스콧,1
로웰,1
서동갑,1
정진각,1
신수연,1
손승범,1
김재일,1
박윤석,1
김창현,1
김지형,1
고윤,1
송현주,1
맥페이든,1
편한마음,1
이남희,1
공대유,1
현대철,1
조의진,1
이동호,1
하진철,1
박범기,1
권동원,1
주재훈,1
류한선,1
이충배,1
하쿠류,1
노원석,1
임평순,1
김가령,1
양지연,1
차건,1
안재국,1
배서희,1
양세연,1
박예서,1
오정원,1
오나예,1
박지성,1
정세한,1
정주용,1
서정화,1
최수아,1
앵거스,1
방수윤,1
양예슬,1
권채민,1
문성철,1
서수빈,1
이정봉,1
송혜령,1
지선,1
정민경,1
천윤진,1
배근하,1
오연지,1
신훈희,1
김병만,1
강영일,1
안영진,1
유현식,1
김탁,1
조민교,1
이규연,1
표성균,1
정승기,1
문지완,1
최승혁,1
백남해,1
전병도,1
김종표,1
추태균,1
안승현,1
한동균,1
손인숙,1
이승미,1
김애란,1
김철웅,1
박문희,1
박현옥,1
안찬성,1
박천호,1
정석희,1
신세영,1
한옥순,1
유영숙,1
홍경훈,1
박경준,1
김월선,1
홍인아,1
박태후,1
서은경,1
최용성,1
김진숙,1
박태연,1
김경근,1
이지혁,1
송채린,1
남찬규,1
양욱,1
김상화,1
류근식,1
강지훈,1
권관옥,1
서장석,1
김선홍,1
한민희,1
이순풍,1
김우택,1
윤민규,1
구본혁,1
김용훈,1
김민호,1
최나린,1
문근식,1
최병문,1
장호문,1
유성현,1
곡여병,1
최재현,1
신희정,1
심홍섭,1
배재성,1
장필상,1
나승준,1
손지민,1
아우,1
티투,1
솔루키,1
김흥태,1
김관영,1
문형돈,1
올렉,1
고건한,1
오스트로스키,1
디미트리,1
키에르베,1
최명빈,1
강영석,1
박예찬,1
설윤지,1
강영준,1
김풍,1
김미희,1
이승아,1
김나은,1
원지우,1
이윤규,1
오세현,1
이웅규,1
한철훈,1
김온림,1
강춘성,1
우정원,1
유재연,1
김오복,1
김은해,1
이도헌,1
전한승,1
임지한,1
곽한훈,1
박은철,1
이윤우,1
심상윤,1
주서은,1
이상이,1
하경민,1
김사란,1
신수오,1
손태양,1
채인우,1
서성균,1
박가은,1
안보라,1
황태희,1
강현우,1
히트맨,1
박상연,1
김종석,1
임세현,1
홍석천,1
정영도,1
강현구,1
홍승희,1
진유영,1
박현숙,1
이상화,1
한복희,1
임진주,1
윤주호,1
박시완,1
박경환,1
문성환,1
이동혁,1
윤태웅,1
이샘,1
송율희,1
권현희,1
문성복,1
이문빈,1
신민경,1
김봉성,1
김다연,1
천현우,1
김인이,1
최미라,1
진소연,1
김호영,1
임은지,1
임우찬,1
유재근,1
이건,1
안영주,1
박창희,1
노희중,1
박두식,1
박성진,1
권용채,1
김라희,1
노정미,1
소회정,1
양수진,1
장세아,1
연재흠,1
김환영,1
염정연,1
예효승,1
유연,1
윤예나,1
은,1
한,1
최계형,1
최다인,1
이채경,1
이회원,1
주예서,1
정승현,1
한우리,1
배승리,1
최보람,1
박사현,1
최영수,1
이순남,1
박승원,1
오하나,1
이예나,1
이차주,1
홍승록,1
김은옥,1
안상훈,1
권영빈,1
지성원,1
주승환,1
주영민,1
김가을,1
서태원,1
박다솜,1
이지호,1
윤소연,1
윤승현,1
임혜원,1
윤지민,1
최연주,1
김봉화,1
배정민,1
송은정,1
남성진,1
최영호,1
정은지,1
이다슬,1
최명길,1
이상아,1
김보연,1
선주아,1
김혜옥,1
박순천,1
양주호,1
김효숙,1
조병찬,1
조세현,1
정한진,1
박종현,1
김광섭,1
차선영,1
최명경,1
전승엽,1
김신우,1
이경숙,1
이유나,1
김윤섭,1
정수인,1
이해인,1
송현석,1
김효원,1
이연주,1
서용주,1
정승혜,1
이진규,1
오상훈,1
양민석,1
이명숙,1
길해연,1
김정난,1
양영조,1
조은서,1
박주혜,1
조하나,1
김기준,1
임채경,1
이보미,1
박영,1
이은이,1
박원재,1
조동연,1
김원우,1
김유선,1
최종원,1
김원석,1
임종혁,1
조민철,1
손대구,1
조민호,1
박재철,1
박주용,1
하성철,1
조형우,1
서수석,1
김경일,1
김상수,1
최민,1
윤민수,1
임재현,1
이주승,1
김혜숙,1
태리,1
최우진,1
이현진,1
차예련,1
박원희,1
배명호,1
장동원,1
정상용,1
오민석,1
강동호,1
최아름,1
임은채,1
윤정,1
서우,1
리스폴리,1
하비,1
케이틀,1
제이슨,1
미웨스,1
조셀린,1
도나휴,1
우혜림,1
박창수,1
진명,1
김봉주,1
장윤영,1
임만규,1
정명식,1
김윤정,1
송원종,1
방혜영,1
석정현,1
조성환,1
송유하,1
최현숙,1
류지혜,1
이원종,1
심형래,1
김유경,1
김수남,1
유일한,1
조준현,1
조철현,1
박형준,1
한상욱,1
서지영,1
박광호,1
전봉수,1
전진영,1
임정언,1
권성현,1
온세웅,1
오상진,1
김종민,1
이유빈,1
이문수,1
이창수,1
전아민,1
박은성,1
조재형,1
송다은,1
김대인,1
김상렬,1
이병규,1
신동환,1
강민서,1
최선아,1
김남수,1
김기덕,1
이상도,1
임미주,1
박상희,1
최유라,1
이항주,1
유호정,1
홍진희,1
김선경,1
진희경,1
윤미라,1
박윤정,1
신윤정,1
최형태,1
심소희,1
최혜선,1
전선희,1
박혜성,1
진승환,1
김보름,1
고은별,1
이상은,1
윤수진,1
강은규,1
한성민,1
최장훈,1
최선미,1
김윤하,1
김한수,1
황상길,1
문용찬,1
유동헌,1
전상하,1
박아람,1
오정택,1
최윤석,1
조승민,1
신정훈,1
최문숙,1
박미선,1
장정원,1
윤채영,1
정지윤,1
이현용,1
한송이,1
오산하,1
문채원,1
김구택,1
이재구,1
전민서,1
최진욱,1
나수윤,1
이근우,1
장금단,1
정진근,1
금경배,1
김경석,1
최신호,1
최은애,1
강봉성,1
이상문,1
서강호,1
오병호,1
유희원,1
윤봉철,1
한제인,1
김자금,1
전주병,1
정일원,1
홍수지,1
안석환,1
차수연,1
임남숙,1
임순옥,1
장대윤,1
황남희,1
송성원,1
정용현,1
박시후,1
갈소원,1
박서연,1
임태연,1
장길수,1
장현남,1
전윤희,1
조세래,1
조유미,1
최린,1
최필선,1
한현근,1
허웅,1
이미화,1
김지연,1
이익태,1
이지석,1
배연태,1
신종훈,1
조동인,1
이제희,1
임슬옹,1
배수빈,1
정광재,1
지성용,1
정현진,1
오기민,1
장호준,1
나영희,1
정원조,1
양정인,1
김리후,1
육미옥,1
백성식,1
김선주,1
이준기,1
이형은,1
오병남,1
조현덕,1
김경인,1
김성민,1
이경인,1
이현정,1
윤희원,1
권영각,1
정준식,1
조훈휘,1
표유신,1
하정수,1
한만영,1
문혜진,1
크리스,1
에반스,1
이호원,1
황건,1
박유경,1
신욱,1
박정배,1
박상면,1
임시완,1
차광수,1
최주희,1
조선묵,1
김봉환,1
지건우,1
최현,1
신안진,1
조기왕,1
장리우,1
민경옥,1
신승용,1
원호섭,1
윤탁,1
한승도,1
조용준,1
권오진,1
이설구,1
노영하,1
장우진,1
이해성,1
이홍표,1
서동원,1
백선희,1
최태정,1
한경석,1
한정욱,1
서종철,1
이문호,1
유미진,1
곽호선,1
권문철,1
이홍섭,1
최우수,1
이창욱,1
이현희,1
최상준,1
홍윤정,1
김상현,1
이심결,1
증국상,1
장동,1
장현문,1
홍원기,1
서진원,1
장재현,1
정창국,1
조혜정,1
박태성,1
최지우,1
송미정,1
신승훈,1
권원진,1
이두훈,1
변봉현,1
강승훈,1
장윤정,1
임승빈,1
양정은,1
신현준,1
정준하,1
탁재훈,1
현영,1
허필봉,1
박정호,1
한용환,1
모상범,1
여기한,1
김화섭,1
오다기리,1
죠,1
판빙빙,1
강남현,1
김효연,1
김홍근,1
이수용,1
양준모,1
송원석,1
이달형,1
김선일,1
최차원,1
옥광희,1
박희본,1
김동완,1
이행춘,1
장형원,1
정경임,1
김상오,1
최정수,1
박유정,1
황경호,1
박종원,1
송광주,1
신상열,1
한가인,1
고준희,1
신민영,1
이승호,1
박사랑,1
임호걸,1
정원영,1
안은정,1
김도균,1
최광덕,1
원동연,1
이주현,1
이란희,1
장서이,1
한민혁,1
오영석,1
차종호,1
이영란,1
김상경,1
조민아,1
임경만,1
조윤경,1
이창용,1
박성광,1
임자연,1
임헌호,1
권종현,1
박태호,1
노태엽,1
송종호,1
최대호,1
임창훈,1
임혜인,1
이아람,1
이예은,1
김원범,1
최은찬,1
해리스,1
함은정,1
김영두,1
이창영,1
이장희,1
남규리,1
박우람,1
조기원,1
진성,1
백하나,1
이효연,1
양지원,1
유신애,1
최배영,1
염은하,1
이상찬,1
서민균,1
심호성,1
신성식,1
김은혜,1
김대규,1
박광민,1
최명식,1
유동훈,1
김인철,1
장인호,1
김영덕,1
이규환,1
오정미,1
윤유선,1
박정률,1
정윤,1
정은주,1
오권열,1
김종만,1
김영한,1
주상욱,1
천성훈,1
조미령,1
홍영승,1
릭키,1
서성만,1
이홍복,1
김장수,1
이정세,1
정인애,1
최운석,1
심민섭,1
박찬형,1
황혜영,1
최동현,1
유재영,1
장지용,1
김송미,1
임원창,1
정세진,1
심영,1
도승휘,1
전성빈,1
오광록,1
김수로,1
이금희,1
손범수,1
김시권,1
김효진,1
정혜란,1
손선영,1
송진영,1
김혜지,1
신수현,1
박용범,1
한연호,1
김규연,1
고준영,1
박남희,1
이석원,1
정영훈,1
정우철,1
박연수,1
오준석,1
천주영,1
황하나,1
여운철,1
쥬니,1
이혜영,1
김혁,1
김효배,1
차승환,1
김석현,1
유영권,1
이용철,1
강대규,1
김유빈,1
성유경,1
김인호,1
근휘,1
김재경,1
장원준,1
임동우,1
김정곤,1
정종원,1
이지애,1
최재섭,1
주민하,1
최재환,1
이재응,1
이혜숙,1
임성규,1
박영찬,1
김혜정,1
박지안,1
이민복,1
최문수,1
구태진,1
전진배,1
이철오,1
조세영,1
조한영,1
박창용,1
박태훈,1
김건호,1
김재득,1
임장현,1
차영남,1
김정은,1
김효선,1
김미나,1
박현진,1
배태종,1
백배정,1
강선희,1
강성규,1
강재원,1
서승현,1
노현정,1
최홍석,1
임길섭,1
김은성,1
왕석현,1
임지규,1
노수정,1
김준호,1
문수진,1
김웅,1
이희상,1
임진순,1
김민채,1
김수완,1
박용준,1
정준영,1
정진희,1
정하린,1
김진,1
김한국,1
박준하,1
김광일,1
신상우,1
박광복,1
정성우,1
김유정,1
최지윤,1
이상미,1
김미소,1
이병준,1
한은정,1
이광희,1
조주현,1
최만수,1
박보람,1
박성배,1
이승근,1
김진규,1
이기오,1
김용재,1
김명국,1
김민선,1
김영호,1
추자현,1
한명구,1
강민호,1
김형수,1
신주희,1
황선환,1
권정훈,1
보리,1
채송화,1
윤석주,1
신유주,1
조원희,1
이주훈,1
이설화,1
이진아,1
손은선,1
오아름,1
정인화,1
김정심,1
이대진,1
양동명,1
남궁은숙,1
심지호,1
여욱환,1
조강현,1
홍종현,1
박종수,1
김효주,1
조상민,1
한지원,1
유정연,1
박재연,1
정광민,1
정우진,1
박선영,1
최승희,1
이승구,1
김수지,1
정지인,1
이우희,1
이대로,1
김도형,1
장준호,1
오정식,1
김창민,1
양종현,1
남경읍,1
이종필,1
윤희석,1
설진욱,1
강명희,1
박용진,1
김의용,1
황순욱,1
김남희,1
임세환,1
최윤서,1
김진용,1
이현지,1
박정재,1
최근현,1
윤아름,1
오순태,1
김철현,1
신경선,1
장민주,1
노승우,1
홍성진,1
홍소희,1
박용하,1
김민정,1
김준성,1
신지희,1
김현미,1
박재웅,1
권형준,1
이승기,1
이시연,1
이하림,1
김새론,1
배영한,1
류성훈,1
김효민,1
김효서,1
신동민,1
홍석준,1
조영아,1
조용현,1
박준우,1
황재순,1
박혜리,1
박호진,1
추종범,1
신성현,1
조한선,1
김호원,1
조창현,1
안정희,1
전세하,1
박영미,1
송슬기,1
박대희,1
유은아,1
정다혜,1
윤주영,1
최성일,1
이진운,1
양시은,1
이다희,1
정수영,1
손미희,1
홍민기,1
서동현,1
박란,1
유정민,1
이효준,1
임채연,1
윤익준,1
오은미,1
공형진,1
남태부,1
장문석,1
박진희,1
황승현,1
김동윤,1
김동범,1
서승택,1
김경주,1
김대연,1
김규호,1
채호병,1
유승현,1
유영준,1
유한솔,1
윤승훈,1
장현근,1
이성문,1
정경일,1
윤진태,1
이세진,1
정준혁,1
김수형,1
김승환,1
이경현,1
이현종,1
고은총,1
장승화,1
강성필,1
이철희,1
오원식,1
김홍집,1
윤혜진,1
임근아,1
한지희,1
남성호,1
한동학,1
이순재,1
한채영,1
허정규,1
송기관,1
박일,1
최지나,1
서정민,1
윤동현,1
전유진,1
김재호,1
김용숙,1
박희건,1
남능미,1
임종윤,1
임성민,1
가인,1
김여진,1
이옥주,1
박태준,1
김혜림,1
유인수,1
김현식,1
강지환,1
김민국,1
장남열,1
심은혜,1
나귀화,1
천성일,1
민홍남,1
정경민,1
이수지,1
임성현,1
김철남,1
이가현,1
김은주,1
손호승,1
견미리,1
이효권,1
최수현,1
양현석,1
김종근,1
최권,1
박선준,1
김혜자,1
정의철,1
임훈,1
한고은,1
김윤호,1
장항선,1
김선화,1
최재웅,1
남현정,1
봉만대,1
이홍,1
임호,1
최승일,1
정인희,1
김정일,1
정운택,1
김형운,1
박용기,1
박유현,1
나현주,1
배경남,1
김병용,1
김대희,1
장현범,1
이지인,1
유준석,1
윤승남,1
정경훈,1
유성철,1
정윤민,1
박현영,1
홍세인,1
소주영,1
허서영,1
박용제,1
박윤남,1
박인혁,1
최효준,1
황은정,1
김봉기,1
정화영,1
전정원,1
이주호,1
정혜선,1
류덕환,1
김동길,1
김경숙,1
우승연,1
정상수,1
김춘식,1
최유리,1
이신우,1
김요섭,1
이정홍,1
신미소,1
에드,1
존,1
김이석,1
염진환,1
홍상원,1
이신성,1
최수인,1
이범규,1
임경욱,1
윤세현,1
천재성,1
이용직,1
이재수,1
연송하,1
이재균,1
신지훈,1
이연,1
이규섭,1
최형욱,1
김언수,1
박준규,1
장민준,1
전영욱,1
정근수,1
정상문,1
정이삭,1
오준표,1
오지홍,1
권효민,1
이호중,1
장정국,1
박지원,1
서도빈,1
태윤,1
정성모,1
이주연,1
정준용,1
장승연,1
유현종,1
이나경,1
이석호,1
한미진,1
김규선,1
윤부진,1
이열음,1
이병철,1
나나,1
안세하,1
전헌태,1
이창호,1
김갑수,1
안미나,1
정유나,1
정환,1
한승헌,1
조진규,1
최경미,1
최경식,1
이원재,1
이호준,1
임동영,1
임상현,1
김현창,1
나대한,1
유병주,1
윤정열,1
문창준,1
정태영,1
조석현,1
조형래,1
김동진,1
김민혁,1
한정환,1
김세홍,1
여이레,1
정현국,1
문창완,1
이서진,1
지우,1
이경제,1
박예진,1
박정진,1
이진용,1
배준수,1
최창국,1
이승석,1
이종혁,1
임지수,1
서이안,1
배민정,1
김회진,1
박희정,1
조해진,1
유지현,1
이다은,1
한하늘,1
이종재,1
최정헌,1
전소현,1
김지안,1
권수정,1
안지호,1
신현숙,1
남주혁,1
차영주,1
이승일,1
이현,1
이상혁,1
이세민,1
정동훈,1
이수인,1
이승희,1
조은형,1
이규정,1
강하나,1
서미지,1
임성철,1
임혜영,1
박진경,1
장현익,1
정광윤,1
정부경,1
안재성,1
이수현,1
이여원,1
김완기,1
김은나,1
류신,1
김승아,1
김진희,1
이연수,1
강두,1
김남조,1
서현진,1
이형미,1
정준화,1
장한순,1
김태리,1
윤환,1
박기태,1
김소현,1
김재욱,1
박윤식,1
송창현,1
신동주,1
최영빈,1
최일순,1
최정순,1
함성원,1
홍은지,1
김무규,1
김나연,1
장한별,1
송영학,1
강지혜,1
안대겸,1
송영재,1
김주현,1
김동우,1
김선형,1
김영준,1
김재민,1
김태영,1
유성진,1
최문석,1
전준영,1
전창현,1
정부용,1
지재우,1
이선민,1
이세형,1
이윤2,1
최호영,1
이재민,1
허승준,1
이준희,1
이지환,1
이하은,1
설준수,1
박상호,1
박승호,1
박하선,1
임대현,1
박정훈,1
장석진,1
신정화,1
이강재,1
이세희,1
한재욱,1
이은비,1
정규호,1
오정현,1
홍민희,1
박혜민,1
목규리,1
강찬희,1
토마스,1
크레취만,1
이호균,1
황민형,1
김신웅,1
김진상,1
정해균,1
강소백,1
정수윤,1
강길우,1
정순원,1
신유철,1
박상규,1
최성재,1
이경원,1
이태규,1
오민애,1
윤주,1
손용범,1
박선,1
박선주,1
정여진,1
최성철,1
황기석,1
하철,1
홍승진,1
장혜진,1
정지소,1
정현준,1
윤혜리,1
이시훈,1
설민,1
박가빈,1
정이서,1
조재명,1
정익한,1
안진상,1
이루아,1
김하언,1
하윤희,1
이도운,1
오별하,1
유인,1
유채련,1
지연,1
서복현,1
심수미,1
장지우,1
변봉식,1
편광진,1
주수지,1
태원석,1
김상일,1
장유화,1
공명,1
장진희,1
김가빈,1
김남우,1
김병호,1
고경진,1
고관형,1
구성환,1
정성훈,1
한동희,1
임정묵,1
이범찬,1
김천,1
조현숙,1
윤설,1
정윤회,1
이두일,1
최신득,1
이육현,1
배정선,1
엄지혜,1
한미자,1
강현규,1
최유진,1
오유진,1
김선호,1
임희수,1
정지우,1
최성윤,1
이선우,1
이성수,1
조성동,1
김호정,1
황슬기,1
조윤호,1
이찬유,1
이경오,1
최진영,1
곽새빛,1
곽호중,1
권상혁,1
권은빈,1
최혜인,1
기상원,1
채서원,1
이랑서,1
임종현,1
이창진,1
김서율,1
김상보,1
고관재,1
김병순,1
곽신애,1
류영훈,1
문상근,1
서한결,1
서희영,1
신승민,1
김세인,1
이주형,1
황인경,1
이덕형,1
이시은,1
김보령,1
정세현,1
정아름,1
이인경,1
박미애,1
김진형,1
박재욱,1
양선영,1
장예원,1
신세휘,1
권혁주,1
설도희,1
김미란,1
김태호,1
김양수,1
윤성원,1
정종준,1
황재열,1
뱅상,1
카셀,1
이하윤,1
최준영,1
동하,1
이상준,1
이소정,1
이종승,1
이준석,1
정승환,1
김다미,1
백규현,1
김종면,1
김종훈,1
이혜성,1
모그,1
박시현,1
장민재,1
정승채,1
정지민,1
진영준,1
권회수,1
임병우,1
김기훈,1
이현주,1
강승현,1
진서연,1
이경호,1
이기용,1
박현민,1
김재희,1
서주연,1
손승훈,1
김지홍,1
김진영,1
김형우,1
강주석,1
김다솜,1
김미혜,1
최운진,1
최지현,1
김은아,1
김승희,1
김우현,1
주해은,1
감승민,1
김도율,1
권유진,1
권용석,1
김영원,1
전현우,1
위하준,1
문예원,1
이승욱,1
정아노마,1
김지환,1
이진,1
이재환,1
변지은,1
송지연,1
이준성,1
김하은,1
유은성,1
정현우,1
차봉주,1
김경애,1
김범준,1
이혜민,1
이소희,1
백승진,1
김정화,1
서지은,1
김현주,1
민성주,1
박동석,1
오아연,1
유희제,1
김우주,1
홍근택,1
이기영,1
오미희,1
명홍진,1
손담비,1
이광호,1
엄진용,1
박영식,1
정성호,1
정인영,1
박태강,1
권혁석,1
최재옥,1
서은수,1
이동석,1
이재상,1
서남윤,1
김한슬,1
박규태,1
정난희,1
정유진,1
정주호,1
조영웅,1
김건중,1
정상훈,1
안수연,1
허트,1
신세경,1
한상경,1
한흥석,1
김경아,1
김순찬,1
김용진,1
김재섭,1
김가희,1
하연주,1
정두홍,1
조남희,1
김병주,1
백승찬,1
신재현,1
양성우,1
우민호,1
윤지환,1
이승원,1
이영민,1
이원호,1
조연우,1
황현서,1
김장미,1
문도선,1
정다원,1
진영,1
정종혁,1
정은임,1
정상원,1
최진리,1
강대욱,1
서재현,1
서진석,1
성호제,1
송용호,1
심윤보,1
엄세현,1
유민경,1
이동철,1
정경우,1
차민호,1
김경식,1
김재학,1
김주동,1
김준아,1
도현운,1
곽진무,1
박형우,1
신재훈,1
이태식,1
서진호,1
양태규,1
조재현,1
석현,1
정성민,1
노선식,1
최현우,1
최춘범,1
신민아,1
전예원,1
김광수,1
김은비,1
신영일,1
윤문식,1
김형욱,1
손세빈,1
임희준,1
양준호,1
조왕섭,1
김정수,1
강민아,1
안수정,1
양대성,1
정보현,1
조남호,1
최성진,1
황현태,1
김경란,1
김유민,1
윤주환,1
홍성민,1
조정민,1
임일규,1
최용식,1
홍남희,1
김고운,1
김기수,1
김두루,1
서이숙,1
고보결,1
배우경,1
최진혁,1
강다혜,1
고용석,1
이다혜,1
최두엽,1
최시은,1
이명희,1
김주형,1
김태진,1
정하철,1
윤종현,1
장인섭,1
허정은,1
배정현,1
서동필,1
김대윤,1
정윤호,1
박재언,1
김대진,1
장유리,1
조도연,1
지영준,1
한영주,1
박영진,1
이가람,1
정군,1
정민욱,1
정종화,1
최봉록,1
송재림,1
이채윤,1
이현명,1
신창환,1
차현준,1
최두리,1
이병훈,1
김경호,1
김은영,1
김주영,1
김진아,1
류정은,1
문용군,1
김진곤,1
장채린,1
정혜영,1
최대훈,1
틸다,1
스윈튼,1
제이미,1
벨,1
옥타비아,1
스펜서,1
브렘너,1
알리슨,1
필,1
허찬,1
김서형,1
홍경인,1
박은빈,1
장하은,1
장하진,1
황의준,1
송경호,1
주현,1
이재관,1
장성환,1
전려경,1
박수화,1
강진아,1
박신양,1
장원종,1
전희경,1
나기찬,1
한승희,1
전상진,1
한정학,1
이학수,1
장슬기,1
박성철,1
박진혁,1
박희권,1
나윤성,1
박원우,1
유명환,1
윤희경,1
이윤기,1
정수남,1
정의석,1
강태영,1
하형원,1
한상대,1
고경표,1
송대중,1
맹세창,1
김예빈,1
류경현,1
정재형,1
정석원,1
이충재,1
이상엽,1
장성진,1
장진,1
조용우,1
김에스라,1
현태환,1
서형찬,1
이덕화,1
박세진,1
다니엘,1
헤니,1
서승인,1
이대수,1
강석철,1
최종석,1
한기준,1
문혜지,1
황순영,1
신승찬,1
양혜경,1
이재덕,1
정종호,1
정현수,1
박민하,1
김지은,1
장문규,1
정훈석,1
차수보,1
유보라,1
윤여진,1
이미애,1
이소연,1
이슬기,1
이승대,1
이봄,1
손슬기,1
박민수,1
권기하,1
이영욱,1
임종훈,1
박종관,1
장문성,1
연상호,1
조춘호,1
지동현,1
윤미중,1
최창수,1
편준의,1
황유경,1
류성록,1
신소율,1
차정환,1
조유덕,1
윤석민,1
정은교,1
강풍,1
박재희,1
정영택,1
정창용,1
조선기,1
손재영,1
주연서,1
신영규,1
윤지원,1
이규석,1
이세훈,1
황재진,1
강민정,1
조은수,1
이명준,1
이성재,1
우에노,1
주리,1
이재준,1
홍다미,1
오상철,1
임예진,1
정두원,1
박종우,1
이석준,1
임성숙,1
닐,1
지나,1
말론,1
바우어,1
김정철,1
리암,1
니슨,1
진세연,1
김선아,1
추성훈,1
황석하,1
박정원,1
션,1
리차드,1
한비,1
길금성,1
전혜빈,1
박은미,1
홍의권,1
이승철,1
쿠니무라,1
김환희,1
선호삼,1
송민석,1
잭슨,1
베켈,1
최현준,1
그레이엄,1
츠루미,1
신고,1
전수빈,1
정유안,1
조권수,1
조윤담,1
하민,1
에이미,1
아담스,1
제이크,1
질렌할,1
섀넌,1
애런,1
존슨,1
아일라,1
피셔,1
아미,1
해머,1
로라,1
린니,1
안드레아,1
라이즈보로,1
쉰,1
장준혁,1
박소희,1
송혜교,1
이춘우,1
김태강,1
권오상,1
김연지,1
박경순,1
설우신,1
손혜진,1
신정미,1
윤보배,1
이선관,1
이재정,1
이주아,1
장현준,1
황준혁,1
문근영,1
진지희,1
곽동호,1
최희영,1
정호,1
이현철,1
이민혜,1
김경원,1
김대환,1
김민규,1
이혜진,1
배상민,1
조승연,1
김재준,1
조성목,1
백일섭,1
안현정,1
강상대,1
신동길,1
양승걸,1
이강진,1
정동혁,1
정해진,1
김동섭,1
도현민,1
채서진,1
서현,1
장윤주,1
유인영,1
우영택,1
김태용,1
손성민,1
강용빈,1
홍성지,1
장용현,1
안태랑,1
김준우,1
안현숙,1
안태훈,1
이주협,1
정주연,1
장성훈,1
정규용,1
정기용,1
신유경,1
양중경,1
유주영,1
홍명기,1
이석현,1
홍서현,1
천유나,1
차승연,1
정종훈,1
정승연,1
이현기,1
김희영,1
모일영,1
박민철,1
홍은택,1
이연두,1
윤종화,1
서우진,1
이인혁,1
이정완,1
이종일,1
백수희,1
박혜준,1
정소민,1
최순조,1
최승준,1
최종환,1
유형균,1
김희정,1
이호재,1
김미영,1
김혜민,1
송선찬,1
이연희,1
강다현,1
정명철,1
배영민,1
조관우,1
이경용,1
이귀현,1
이선도,1
이성동,1
이용우,1
남윤나,1
류광일,1
정덕희,1
오현경,1
김주령,1
